ID  NAME   			          	FILE                 					LINE                        ALTERNATIVE 
8,mysql_(),/root/practico/core/tablas.php,mysql_fetch_assoc($this->_result);}function,mysqli_()
2,mysql_select_db,/root/practico/mod/pmydb/index.php,|mysql_select_db($Gb,$this->_link);}function|,mysqli_select_db()
2,mysql_select_db,/root/practico/mod/pmydb/index.php,|mysql_select_db($BaseDatos, $mysql_enlace);|,mysqli_select_db()
8,mysql_(),/root/practico/core/tablas.php,|$conexion = mysql_connect('servidor','usuario','clave');|,mysqli_()
8,mysql_(),/root/practico/core/tablas.php,mysql_fetch_row($this->_result);}function,mysqli_()
2,mysql_select_db,/root/practico/mod/mvc/index.php,|mysql_select_db($BaseDatos, $mysql_enlace);|,mysqli_select_db()
8,mysql_(),/root/practico/core/tablas.php,|mysql_result($I->_result,0,$o);}}class|,mysqli_()
8,mysql_(),/root/practico/core/tablas.php,|$registros=mysql_query('SELECT * FROM core_usuario', $conexion);|,mysqli_()
2,mysql_select_db,/root/practico/mod/pmydb/index.php,|mysql_select_db('basedatos', $conexion);|,mysqli_select_db()
8,mysql_(),/root/practico/core/tablas.php,|mysql_select_db('basedatos', $conexion);|,mysqli_()
8,mysql_(),/root/practico/mod/mvc/index.php,|mysql_select_db($Gb,$this->_link);}function|,mysqli_()
8,mysql_(),/root/practico/core/tablas.php,mysql_close($conexion);,mysqli_()
3,sc,/root/practico/mod/pmydb/index.php,|';}global$b,$h,$Xb,$fc,$pc,$n,$Uc,$Zc,$ba,$ud,$w,$ca,$Pd,$Me,$tf,$Lg,$dd,$T,$vh,$Bh,$Ih,$ia;if(!$_SERVER["REQUEST_URI"])$_SERVER["REQUEST_URI"]=$_SERVER["ORIG_PATH_INFO"];if(!strpos($_SERVER["REQUEST_URI"],'?')&&$_SERVER["QUERY_STRING"]!="")$_SERVER["REQUEST_URI"].="?$_SERVER[QUERY_STRING]";$ba=$_SERVER["HTTPS"]&&strcasecmp($_SERVER["HTTPS"],"off");@ini_set("session.use_trans_sid",false);session_cache_limiter("");if(!defined("SID")){session_name("adminer_sid");$F=array(0,preg_replace('~\\?.*~','',$_SERVER["REQUEST_URI"]),"",$ba);if(version_compare(PHP_VERSION,'5.2.0')>=0)$F[]=true;call_user_func_array('session_set_cookie_params',$F);session_start();}remove_slashes(array(&$_GET,&$_POST,&$_COOKIE),$Jc);if(get_magic_quotes_runtime())set_magic_quotes_runtime(false);@set_time_limit(0);@ini_set("zend.ze1_compatibility_mode",false);@ini_set("precision",20);$Pd=array('en'=>'English','ar'=>'العربية','bg'=>'Български','bn'=>'বাংলা','bs'=>'Bosanski','ca'=>'Català','cs'=>'Čeština','da'=>'Dansk','de'=>'Deutsch','el'=>'Ελληνικά','es'=>'Español','et'=>'Eesti','fa'=>'فارسی','fi'=>'Suomi','fr'=>'Français','gl'=>'Galego','hu'=>'Magyar','id'=>'Bahasa Indonesia','it'=>'Italiano','ja'=>'日本語','ko'=>'한국어','lt'=>'Lietuvių','nl'=>'Nederlands','no'=>'Norsk','pl'=>'Polski','pt'=>'Português','pt-br'=>'Português (Brazil)','ro'=>'Limba Română','ru'=>'Русский язык','sk'=>'Slovenčina','sl'=>'Slovenski','sr'=>'Српски','ta'=>'த‌மிழ்','th'=>'ภาษาไทย','tr'=>'Türkçe','uk'=>'Українська','vi'=>'Tiếng Việt','zh'=>'简体中文','zh-tw'=>'繁體中文',);function|,https://www.owasp.org/index.php/PHP_Security_Cheat_Sheet#Cookies
3,sc,/root/practico/mod/ldap/phpldapadmin-1.2.3/lib/functions.php,|if (@setcookie($name,$val,$expire,$dir)) {|,https://www.owasp.org/index.php/PHP_Security_Cheat_Sheet#Cookies
3,sc,/root/practico/inc/oauth/NUEVO/database_oauth_client.php,|SetCookie($this->session_cookie, $session->session, 0, $this->session_path);|,https://www.owasp.org/index.php/PHP_Security_Cheat_Sheet#Cookies
3,sc,/root/practico/inc/oauth/NUEVO/database_oauth_client.php,|SetCookie($this->session_cookie, '', 0, $this->session_path);|,https://www.owasp.org/index.php/PHP_Security_Cheat_Sheet#Cookies
3,sc,/root/practico/inc/oauth/NUEVO/cookie_oauth_client.php,|SetCookie($this->cookie_name, $this->Encrypt(serialize($this->cookie_value = $s)));|,https://www.owasp.org/index.php/PHP_Security_Cheat_Sheet#Cookies
3,sc,/root/practico/inc/http/http.php,|Function SetCookie($name, $value, $expires="" , $path="/" , $domain="" , $secure=0, $verbatim=0)|,https://www.owasp.org/index.php/PHP_Security_Cheat_Sheet#Cookies
3,sc,/root/practico/inc/http/http.php,|if(strlen($this->SetCookie($cookie_name, $cookie_value, $expires, $path , $domain, $secure, 1)))|,https://www.owasp.org/index.php/PHP_Security_Cheat_Sheet#Cookies
7,ci,/root/practico/index.php,auditar("SEC: Intento de acceso no autorizado CMD=$PCO_Accion");,https://www.owasp.org/index.php/Injection_Prevention_Cheat_Sheet
7,ci,/root/practico/mod/pmydb/index.php,|get_vals($H,$e=0){global$h;$J=array();$I=$h->query($H);if(is_object($I)){while($K=$I->fetch_row())$J[]=$K[$e];}return$J;}function|,https://www.owasp.org/index.php/Injection_Prevention_Cheat_Sheet
7,ci,/root/practico/mod/pmydb/index.php,|get_key_vals($H,$i=null,$jh=0){global$h;if(!is_object($i))$i=$h;$J=array();$i->timeout=$jh;$I=$i->query($H);$i->timeout=0;if(is_object($I)){while($K=$I->fetch_row())$J[$K[0]]=$K[1];}return$J;}function|,https://www.owasp.org/index.php/Injection_Prevention_Cheat_Sheet
7,ci,/root/practico/mod/pmydb/index.php,|query_redirect($H,$A,$le,$Rf=true,$wc=true,$Dc=false,$ih=""){global$h,$n,$b;if($wc){$Hg=microtime(true);$Dc=!$h->query($H);$ih=format_time($Hg);}$Fg="";if($H)$Fg=$b->messageQuery($H,$ih);if($Dc){$n=error().$Fg;return|,https://www.owasp.org/index.php/Injection_Prevention_Cheat_Sheet
7,ci,/root/practico/mod/pmydb/index.php,|array(implode("\n",$Lf),format_time($Hg));$Lf[]=(preg_match('~;$~',$H)?"DELIMITER ;;\n$H;\nDELIMITER ":$H).";";return$h->query($H);}function|,https://www.owasp.org/index.php/Injection_Prevention_Cheat_Sheet
7,ci,/root/practico/mod/pmydb/index.php,|query($H,$Ch=false){$I=parent::query($H);$this->error="";if(!$I){list(,$this->errno,$this->error)=$this->errorInfo();return|,https://www.owasp.org/index.php/Injection_Prevention_Cheat_Sheet
7,ci,/root/practico/mod/pmydb/index.php,multi_query($H){return$this->_result=$this->query($H);}function,https://www.owasp.org/index.php/Injection_Prevention_Cheat_Sheet
7,ci,/root/practico/mod/pmydb/index.php,|result($H,$o=0){$I=$this->query($H);if(!$I)return|,https://www.owasp.org/index.php/Injection_Prevention_Cheat_Sheet
7,ci,/root/practico/mod/pmydb/index.php,query($H){$I=@$this->_link->query($H);$this->error="";if(!$I){$this->errno=$this->_link->lastErrorCode();$this->error=$this->_link->lastErrorMsg();return,https://www.owasp.org/index.php/Injection_Prevention_Cheat_Sheet
7,ci,/root/practico/mod/pmydb/index.php,|result($H,$o=0){$I=$this->query($H);if(!is_object($I))return|,https://www.owasp.org/index.php/Injection_Prevention_Cheat_Sheet
7,ci,/root/practico/mod/pmydb/index.php,|query($H,$Ch=false){$re=($Ch?"unbufferedQuery":"query");$I=@$this->_link->$re($H,SQLITE_BOTH,$n);$this->error="";if(!$I){$this->error=$n;return|,https://www.owasp.org/index.php/Injection_Prevention_Cheat_Sheet
7,ci,/root/practico/mod/pmydb/index.php,|result($H,$o=0){$I=$this->query($H);if(!is_object($I))return|,https://www.owasp.org/index.php/Injection_Prevention_Cheat_Sheet
7,ci,/root/practico/mod/pmydb/index.php,|select_db($Ic){if(is_readable($Ic)&&$this->query("ATTACH ".$this->quote(preg_match("~(^[/\\\\]||:)~",$Ic)?$Ic:dirname($_SERVER["SCRIPT_FILENAME"])."/$Ic")." AS a")){parent::__construct($Ic);return|,https://www.owasp.org/index.php/Injection_Prevention_Cheat_Sheet
7,ci,/root/practico/mod/pmydb/index.php,multi_query($H){return$this->_result=$this->query($H);}function,https://www.owasp.org/index.php/Injection_Prevention_Cheat_Sheet
7,ci,/root/practico/mod/pmydb/index.php,false;}$_->query('PRAGMA encoding = "UTF-8"');$_->query('CREATE TABLE adminer (i)');$_->query('DROP TABLE adminer');return,https://www.owasp.org/index.php/Injection_Prevention_Cheat_Sheet
7,ci,/root/practico/mod/pmydb/index.php,|explain($h,$H){return$h->query("EXPLAIN QUERY PLAN $H");}function|,https://www.owasp.org/index.php/Injection_Prevention_Cheat_Sheet
7,ci,/root/practico/mod/pmydb/index.php,|query($H,$Ch=false){$I=@pg_query($this->_link,$H);$this->error="";if(!$I){$this->error=pg_last_error($this->_link);return|,https://www.owasp.org/index.php/Injection_Prevention_Cheat_Sheet
7,ci,/root/practico/mod/pmydb/index.php,multi_query($H){return$this->_result=$this->query($H);}function,https://www.owasp.org/index.php/Injection_Prevention_Cheat_Sheet
7,ci,/root/practico/mod/pmydb/index.php,|result($H,$o=0){$I=$this->query($H);if(!$I||||!$I->num_rows)return|,https://www.owasp.org/index.php/Injection_Prevention_Cheat_Sheet
7,ci,/root/practico/mod/pmydb/index.php,|Min_DB;$k=$b->credentials();if($h->connect($k[0],$k[1],$k[2])){if($h->server_info>=9)$h->query("SET application_name = 'Adminer'");return$h;}return$h->error;}function|,https://www.owasp.org/index.php/Injection_Prevention_Cheat_Sheet
7,ci,/root/practico/mod/pmydb/index.php,|explain($h,$H){return$h->query("EXPLAIN $H");}function|,https://www.owasp.org/index.php/Injection_Prevention_Cheat_Sheet
7,ci,/root/practico/mod/pmydb/index.php,|set_schema($ng){global$h,$Bh,$Lg;$J=$h->query("SET search_path TO ".idf_escape($ng));foreach(types()as$U){if(!isset($Bh[$U])){$Bh[$U]=0;$Lg[lang(23)][]=$U;}}return$J;}function|,https://www.owasp.org/index.php/Injection_Prevention_Cheat_Sheet
7,ci,/root/practico/mod/pmydb/index.php,|query($H,$Ch=false){$I=oci_parse($this->_link,$H);$this->error="";if(!$I){$n=oci_error($this->_link);$this->errno=$n["code"];$this->error=$n["message"];return|,https://www.owasp.org/index.php/Injection_Prevention_Cheat_Sheet
7,ci,/root/practico/mod/pmydb/index.php,multi_query($H){return$this->_result=$this->query($H);}function,https://www.owasp.org/index.php/Injection_Prevention_Cheat_Sheet
7,ci,/root/practico/mod/pmydb/index.php,|result($H,$o=1){$I=$this->query($H);if(!is_object($I)||||!oci_fetch($I->_result))return|,https://www.owasp.org/index.php/Injection_Prevention_Cheat_Sheet
7,ci,/root/practico/mod/pmydb/index.php,|explain($h,$H){$h->query("EXPLAIN PLAN FOR $H");return$h->query("SELECT * FROM plan_table");}function|,https://www.owasp.org/index.php/Injection_Prevention_Cheat_Sheet
7,ci,/root/practico/mod/pmydb/index.php,set_schema($og){global$h;return$h->query("ALTER SESSION SET CURRENT_SCHEMA = ".idf_escape($og));}function,https://www.owasp.org/index.php/Injection_Prevention_Cheat_Sheet
7,ci,/root/practico/mod/pmydb/index.php,select_db($Gb){return$this->query("USE ".idf_escape($Gb));}function,https://www.owasp.org/index.php/Injection_Prevention_Cheat_Sheet
7,ci,/root/practico/mod/pmydb/index.php,|query($H,$Ch=false){$I=sqlsrv_query($this->_link,$H);$this->error="";if(!$I){$this->_get_error();return|,https://www.owasp.org/index.php/Injection_Prevention_Cheat_Sheet
7,ci,/root/practico/mod/pmydb/index.php,|multi_query($H){$this->_result=sqlsrv_query($this->_link,$H);$this->error="";if(!$this->_result){$this->_get_error();return|,https://www.owasp.org/index.php/Injection_Prevention_Cheat_Sheet
7,ci,/root/practico/mod/pmydb/index.php,|result($H,$o=0){$I=$this->query($H);if(!is_object($I))return|,https://www.owasp.org/index.php/Injection_Prevention_Cheat_Sheet
7,ci,/root/practico/mod/pmydb/index.php,|connect($N,$V,$G){$this->_link=@mssql_connect($N,$V,$G);if($this->_link){$I=$this->query("SELECT SERVERPROPERTY('ProductLevel'), SERVERPROPERTY('Edition')");$K=$I->fetch_row();$this->server_info=$this->result("sp_server_info 2",2)." [$K[0]] $K[1]";}else$this->error=mssql_get_last_message();return(bool)$this->_link;}function|,https://www.owasp.org/index.php/Injection_Prevention_Cheat_Sheet
7,ci,/root/practico/mod/pmydb/index.php,|query($H,$Ch=false){$I=mssql_query($H,$this->_link);$this->error="";if(!$I){$this->error=mssql_get_last_message();return|,https://www.owasp.org/index.php/Injection_Prevention_Cheat_Sheet
7,ci,/root/practico/mod/pmydb/index.php,multi_query($H){return$this->_result=$this->query($H);}function,https://www.owasp.org/index.php/Injection_Prevention_Cheat_Sheet
7,ci,/root/practico/mod/pmydb/index.php,|result($H,$o=0){$I=$this->query($H);if(!is_object($I))return|,https://www.owasp.org/index.php/Injection_Prevention_Cheat_Sheet
7,ci,/root/practico/mod/pmydb/index.php,|explain($h,$H){$h->query("SET SHOWPLAN_ALL ON");$J=$h->query($H);$h->query("SET SHOWPLAN_ALL OFF");return$J;}function|,https://www.owasp.org/index.php/Injection_Prevention_Cheat_Sheet
7,ci,/root/practico/mod/pmydb/index.php,|query($H,$Ch=false){$I=ibase_query($H,$this->_link);if(!$I){$this->errno=ibase_errcode();$this->error=ibase_errmsg();return|,https://www.owasp.org/index.php/Injection_Prevention_Cheat_Sheet
7,ci,/root/practico/mod/pmydb/index.php,multi_query($H){return$this->_result=$this->query($H);}function,https://www.owasp.org/index.php/Injection_Prevention_Cheat_Sheet
7,ci,/root/practico/mod/pmydb/index.php,|result($H,$o=0){$I=$this->query($H);if(!$I||||!$I->num_rows)return|,https://www.owasp.org/index.php/Injection_Prevention_Cheat_Sheet
7,ci,/root/practico/mod/pmydb/index.php,|tables_list(){global$h;$H='SELECT RDB$RELATION_NAME FROM rdb$relations WHERE rdb$system_flag = 0';$I=ibase_query($h->_link,$H);$J=array();while($K=ibase_fetch_assoc($I))$J[$K['RDB$RELATION_NAME']]='table';ksort($J);return$J;}function|,https://www.owasp.org/index.php/Injection_Prevention_Cheat_Sheet
7,ci,/root/practico/mod/pmydb/index.php,|ORDER BY r.RDB$FIELD_POSITION';$I=ibase_query($h->_link,$H);while($K=ibase_fetch_assoc($I))$J[trim($K['FIELD_NAME'])]=array("field"=>trim($K["FIELD_NAME"]),"full_type"=>trim($K["FIELD_TYPE"]),"type"=>trim($K["FIELD_SUB_TYPE"]),"default"=>trim($K['FIELD_DEFAULT_VALUE']),"null"=>(trim($K["FIELD_NOT_NULL_CONSTRAINT"])=="YES"),"auto_increment"=>'0',"collation"=>trim($K["FIELD_COLLATION"]),"privileges"=>array("insert"=>1,"select"=>1,"update"=>1),"comment"=>trim($K["FIELD_DESCRIPTION"]),);return$J;}function|,https://www.owasp.org/index.php/Injection_Prevention_Cheat_Sheet
7,ci,/root/practico/mod/pmydb/index.php,|query($H,$Ch=false){$F=array('SelectExpression'=>$H,'ConsistentRead'=>'true');if($this->next)$F['NextToken']=$this->next;$I=sdb_request_all('Select','Item',$F,$this->timeout);if($I===false)return$I;if(preg_match('~^\s*SELECT\s+COUNT\(~i',$H)){$Pg=0;foreach($I|,https://www.owasp.org/index.php/Injection_Prevention_Cheat_Sheet
7,ci,/root/practico/mod/pmydb/index.php,multi_query($H){return$this->_result=$this->query($H);}function,https://www.owasp.org/index.php/Injection_Prevention_Cheat_Sheet
7,ci,/root/practico/mod/pmydb/index.php,query($H){return,https://www.owasp.org/index.php/Injection_Prevention_Cheat_Sheet
7,ci,/root/practico/mod/pmydb/index.php,|rootQuery($qf,$wb=array(),$re='GET'){@ini_set('track_errors',1);$Hc=@file_get_contents($this->_url.'/'.ltrim($qf,'/'),false,stream_context_create(array('http'=>array('method'=>$re,'content'=>json_encode($wb),'ignore_errors'=>1,))));if(!$Hc){$this->error=$php_errormsg;return$Hc;}if(!preg_match('~^HTTP/[0-9.]+ 2~i',$http_response_header[0])){$this->error=$Hc;return|,https://www.owasp.org/index.php/Injection_Prevention_Cheat_Sheet
7,ci,/root/practico/mod/pmydb/index.php,|query($qf,$wb=array(),$re='GET'){return$this->rootQuery(($this->_db!=""?"$this->_db/":"/").ltrim($qf,'/'),$wb,$re);}function|,https://www.owasp.org/index.php/Injection_Prevention_Cheat_Sheet
7,ci,/root/practico/mod/pmydb/index.php,|connect($N,$V,$G){$this->_url="http://$V:$G@$N/";$J=$this->query('');if($J)$this->server_info=$J['version']['number'];return(bool)$J;}function|,https://www.owasp.org/index.php/Injection_Prevention_Cheat_Sheet
7,ci,/root/practico/mod/pmydb/index.php,|as$X){list($lb,$Pe,$X)=explode(" ",$X,3);if($lb=="_id")$Eb["query"]["ids"]["values"][]=$X;elseif($lb.$X!=""){$eh=array("term"=>array(($lb!=""?$lb:"_all")=>$X));if($Pe=="=")$Eb["query"]["filtered"]["filter"]["and"][]=$eh;else$Eb["query"]["filtered"]["query"]["bool"]["must"][]=$eh;}}if($Eb["query"]&&!$Eb["query"]["filtered"]["query"]&&!$Eb["query"]["ids"])$Eb["query"]["filtered"]["query"]=array("match_all"=>array());$Hg=microtime(true);$pg=$this->_conn->query($H,$Eb);if($Df)echo$b->selectQuery("$H: ".print_r($Eb,true),format_time($Hg));if(!$pg)return|,https://www.owasp.org/index.php/Injection_Prevention_Cheat_Sheet
7,ci,/root/practico/mod/pmydb/index.php,|get_databases(){global$h;$J=$h->rootQuery('_aliases');if($J){$J=array_keys($J);sort($J,SORT_STRING);}return$J;}function|,https://www.owasp.org/index.php/Injection_Prevention_Cheat_Sheet
7,ci,/root/practico/mod/pmydb/index.php,|count_tables($l){global$h;$J=$h->query('_mapping');if($J)$J=array_map('count',$J);return$J;}function|,https://www.owasp.org/index.php/Injection_Prevention_Cheat_Sheet
7,ci,/root/practico/mod/pmydb/index.php,|tables_list(){global$h;$J=$h->query('_mapping');if($J)$J=array_fill_keys(array_keys($J[$h->_db]["mappings"]),'table');return$J;}function|,https://www.owasp.org/index.php/Injection_Prevention_Cheat_Sheet
7,ci,/root/practico/mod/pmydb/index.php,|table_status($C="",$Ec=false){global$h;$pg=$h->query("_search?search_type=count",array("facets"=>array("count_by_type"=>array("terms"=>array("field"=>"_type",)))),"POST");$J=array();if($pg){foreach($pg["facets"]["count_by_type"]["terms"]as$Q)$J[$Q["term"]]=array("Name"=>$Q["term"],"Engine"=>"table","Rows"=>$Q["count"],);if($C!=""&&$C==$Q["term"])return$J[$C];}return$J;}function|,https://www.owasp.org/index.php/Injection_Prevention_Cheat_Sheet
7,ci,/root/practico/mod/pmydb/index.php,fields($Q){global$h;$I=$h->query("$Q/_mapping");$J=array();if($I){$be=$I[$Q]['properties'];if(!$be)$be=$I[$h->_db]['mappings'][$Q]['properties'];if($be){foreach($be,https://www.owasp.org/index.php/Injection_Prevention_Cheat_Sheet
7,ci,/root/practico/mod/pmydb/index.php,|create_database($m){global$h;return$h->rootQuery(urlencode($m),array(),'PUT');}function|,https://www.owasp.org/index.php/Injection_Prevention_Cheat_Sheet
7,ci,/root/practico/mod/pmydb/index.php,|drop_databases($l){global$h;return$h->rootQuery(urlencode(implode(',',$l)),array(),'DELETE');}function|,https://www.owasp.org/index.php/Injection_Prevention_Cheat_Sheet
7,ci,/root/practico/mod/pmydb/index.php,|as$Q)$J=$J&&$h->query(urlencode($Q),array(),'DELETE');return$J;}$w="elastic";$Re=array("=","query");$Uc=array();$Zc=array();$fc=array(array("json"));}$Xb=array("server"=>"MySQL")+$Xb;if(!defined("DRIVER")){$zf=array("MySQLi","MySQL","PDO_MySQL");define("DRIVER","server");if(extension_loaded("mysqli")){class|,https://www.owasp.org/index.php/Injection_Prevention_Cheat_Sheet
7,ci,/root/practico/mod/pmydb/index.php,true;parent::set_charset('utf8');return$this->query("SET NAMES $ab");}function,https://www.owasp.org/index.php/Injection_Prevention_Cheat_Sheet
7,ci,/root/practico/mod/pmydb/index.php,|result($H,$o=0){$I=$this->query($H);if(!$I)return|,https://www.owasp.org/index.php/Injection_Prevention_Cheat_Sheet
7,ci,/root/practico/mod/pmydb/index.php,|true;mysql_set_charset('utf8',$this->_link);}return$this->query("SET NAMES $ab");}function|,https://www.owasp.org/index.php/Injection_Prevention_Cheat_Sheet
7,ci,/root/practico/mod/pmydb/index.php,|query($H,$Ch=false){$I=@($Ch?mysql_unbuffered_query($H,$this->_link):mysql_query($H,$this->_link));$this->error="";if(!$I){$this->errno=mysql_errno($this->_link);$this->error=mysql_error($this->_link);return|,https://www.owasp.org/index.php/Injection_Prevention_Cheat_Sheet
7,ci,/root/practico/mod/pmydb/index.php,multi_query($H){return$this->_result=$this->query($H);}function,https://www.owasp.org/index.php/Injection_Prevention_Cheat_Sheet
7,ci,/root/practico/mod/pmydb/index.php,|result($H,$o=0){$I=$this->query($H);if(!$I||||!$I->num_rows)return|,https://www.owasp.org/index.php/Injection_Prevention_Cheat_Sheet
7,ci,/root/practico/mod/pmydb/index.php,set_charset($ab){$this->query("SET NAMES $ab");}function,https://www.owasp.org/index.php/Injection_Prevention_Cheat_Sheet
7,ci,/root/practico/mod/pmydb/index.php,select_db($Gb){return$this->query("USE ".idf_escape($Gb));}function,https://www.owasp.org/index.php/Injection_Prevention_Cheat_Sheet
7,ci,/root/practico/mod/pmydb/index.php,|query($H,$Ch=false){$this->setAttribute(1000,!$Ch);return|,https://www.owasp.org/index.php/Injection_Prevention_Cheat_Sheet
7,ci,/root/practico/mod/pmydb/index.php,|parent::query($H,$Ch);}}}class|,https://www.owasp.org/index.php/Injection_Prevention_Cheat_Sheet
7,ci,/root/practico/mod/pmydb/index.php,|Min_DB;$k=$b->credentials();if($h->connect($k[0],$k[1],$k[2])){$h->set_charset(charset($h));$h->query("SET sql_quote_show_create = 1, autocommit = 1");return$h;}$J=$h->error;if(function_exists('iconv')&&!is_utf8($J)&&strlen($lg=iconv("windows-1250","utf-8",$J))>strlen($J))$J=$lg;return$J;}function|,https://www.owasp.org/index.php/Injection_Prevention_Cheat_Sheet
7,ci,/root/practico/mod/pmydb/index.php,|get_databases($Lc){global$h;$J=get_session("dbs");if($J===null){$H=($h->server_info>=5?"SELECT SCHEMA_NAME FROM information_schema.SCHEMATA":"SHOW DATABASES");$J=($Lc?slow_query($H):get_vals($H));restart_session();set_session("dbs",$J);stop_session();}return$J;}function|,https://www.owasp.org/index.php/Injection_Prevention_Cheat_Sheet
7,ci,/root/practico/mod/pmydb/index.php,|explain($h,$H){return$h->query("EXPLAIN ".($h->server_info>=5.1?"PARTITIONS ":"").$H);}function|,https://www.owasp.org/index.php/Injection_Prevention_Cheat_Sheet
7,ci,/root/practico/mod/pmydb/index.php,|truncate_sql($Q).";\n";$p=fields($Q);}$I=$h->query($H,1);if($I){$wd="";$Xa="";$Kd=array();$Og="";$Gc=($Q!=''?'fetch_assoc':'fetch_row');while($K=$I->$Gc()){if(!$Kd){$Th=array();foreach($K|,https://www.owasp.org/index.php/Injection_Prevention_Cheat_Sheet
7,ci,/root/practico/mod/pmydb/index.php,|";$h->query("SET time_zone = '+00:00';");}}$Mg=$_POST["db_style"];$l=array(DB);if(DB==""){$l=$_POST["databases"];if(is_string($l))$l=explode("\n",rtrim(str_replace("\r","",$l),"\n"));}foreach((array)$l|,https://www.owasp.org/index.php/Injection_Prevention_Cheat_Sheet
7,ci,/root/practico/mod/pmydb/index.php,|as$o){$o["has_default"]=isset($o["default"]);$K["fields"][]=$o;}if(support("partitioning")){$Tc="FROM information_schema.PARTITIONS WHERE TABLE_SCHEMA = ".q(DB)." AND TABLE_NAME = ".q($a);$I=$h->query("SELECT PARTITION_METHOD, PARTITION_ORDINAL_POSITION, PARTITION_EXPRESSION $Tc ORDER BY PARTITION_ORDINAL_POSITION DESC LIMIT 1");list($K["partition_by"],$K["partitions"],$K["partition"])=$I->fetch_row();$of=get_key_vals("SELECT PARTITION_NAME, PARTITION_DESCRIPTION $Tc AND PARTITION_NAME != '' ORDER BY PARTITION_ORDINAL_POSITION");$of[""]="";$K["partition_names"]=array_keys($of);$K["partition_values"]=array_values($of);}}}$nb=collations();$oc=engines();foreach($oc|,https://www.owasp.org/index.php/Injection_Prevention_Cheat_Sheet
7,ci,/root/practico/mod/pmydb/index.php,|';}elseif(isset($_GET["user"])){$ha=$_GET["user"];$Gf=array(""=>array("All privileges"=>""));foreach(get_rows("SHOW PRIVILEGES")as$K){foreach(explode(",",($K["Privilege"]=="Grant option"?"":$K["Context"]))as$yb)$Gf[$yb][$K["Privilege"]]=$K["Comment"];}$Gf["Server Admin"]+=$Gf["File access on server"];$Gf["Databases"]["Create routine"]=$Gf["Procedures"]["Create routine"];unset($Gf["Procedures"]["Create routine"]);$Gf["Columns"]=array();foreach(array("Select","Insert","Update","References")as$X)$Gf["Columns"][$X]=$Gf["Tables"][$X];unset($Gf["Server Admin"]["Usage"]);foreach($Gf["Tables"]as$x=>$X)unset($Gf["Databases"][$x]);$ye=array();if($_POST){foreach($_POST["objects"]as$x=>$X)$ye[$X]=(array)$ye[$X]+(array)$_POST["grants"][$x];}$Wc=array();$Je="";if(isset($_GET["host"])&&($I=$h->query("SHOW GRANTS FOR ".q($ha)."@".q($_GET["host"])))){while($K=$I->fetch_row()){if(preg_match('~GRANT (.*) ON (.*) TO ~',$K[0],$B)&&preg_match_all('~ *([^(,]*[^ ,(])( *\\([^)]+\\))?~',$B[1],$de,PREG_SET_ORDER)){foreach($de|,https://www.owasp.org/index.php/Injection_Prevention_Cheat_Sheet
7,ci,/root/practico/mod/mvc/index.php,|$registros=mysql_query('SELECT * FROM core_usuario', $conexion);|,https://www.owasp.org/index.php/Injection_Prevention_Cheat_Sheet
7,ci,/root/practico/mod/pdf/html2pdf/_class/myPdf.class.php,* @param boolean $diskcache   if TRUE reduce the RAM memory usage by caching temporary data on filesystem (slower).,https://www.owasp.org/index.php/Injection_Prevention_Cheat_Sheet
7,ci,/root/practico/mod/pdf/html2pdf/_tcpdf_5.0.002/tcpdf.php,* @param boolean $diskcache if TRUE reduce the RAM memory usage by caching temporary data on filesystem (slower).,https://www.owasp.org/index.php/Injection_Prevention_Cheat_Sheet
7,ci,/root/practico/mod/pdf/html2pdf/_tcpdf_5.0.002/tcpdf.php,* Add certification signature (DocMDP or UR3),https://www.owasp.org/index.php/Injection_Prevention_Cheat_Sheet
7,ci,/root/practico/mod/pdf/html2pdf/_tcpdf_5.0.002/tcpdf.php,$out .= ' /TransformMethod /DocMDP';,https://www.owasp.org/index.php/Injection_Prevention_Cheat_Sheet
7,ci,/root/practico/mod/pdf/html2pdf/_tcpdf_5.0.002/tcpdf.php,$cmd = array_pop($chunks);,https://www.owasp.org/index.php/Injection_Prevention_Cheat_Sheet
7,ci,/root/practico/mod/pdf/html2pdf/_tcpdf_5.0.002/tcpdf.php,if (($cmd == 'Xa') OR ($cmd == 'XA')) {,https://www.owasp.org/index.php/Injection_Prevention_Cheat_Sheet
7,ci,/root/practico/mod/pdf/html2pdf/_tcpdf_5.0.002/tcpdf.php,|$this->_out(''.$r.' '.$g.' '.$b.' '.($cmd=='Xa'?'rg':'RG')); //substr($line, 0, -2).'rg' -> in EPS (AI8): c m y k r g b rg!|,https://www.owasp.org/index.php/Injection_Prevention_Cheat_Sheet
7,ci,/root/practico/mod/pdf/html2pdf/_tcpdf_5.0.002/tcpdf.php,switch ($cmd) {,https://www.owasp.org/index.php/Injection_Prevention_Cheat_Sheet
7,ci,/root/practico/mod/pdf/html2pdf/_tcpdf_5.0.002/tcpdf.php,$line{$len-1} = strtolower($cmd);,https://www.owasp.org/index.php/Injection_Prevention_Cheat_Sheet
7,ci,/root/practico/mod/pdf/html2pdf/_tcpdf_5.0.002/tcpdf.php,$this->_out($cmd . '*');,https://www.owasp.org/index.php/Injection_Prevention_Cheat_Sheet
7,ci,/root/practico/mod/pdf/html2pdf/_tcpdf_5.0.002/tcpdf.php,$cmd = trim($val[1]);,https://www.owasp.org/index.php/Injection_Prevention_Cheat_Sheet
7,ci,/root/practico/mod/pdf/html2pdf/_tcpdf_5.0.002/tcpdf.php,if (strtolower($cmd) == $cmd) {,https://www.owasp.org/index.php/Injection_Prevention_Cheat_Sheet
7,ci,/root/practico/mod/pdf/html2pdf/_tcpdf_5.0.002/tcpdf.php,switch (strtoupper($cmd)) {,https://www.owasp.org/index.php/Injection_Prevention_Cheat_Sheet
7,ci,/root/practico/mod/fileman/carpetas.php,|'driver'        => 'LocalFileSystem',   // driver for accessing file system (REQUIRED)|,https://www.owasp.org/index.php/Injection_Prevention_Cheat_Sheet
7,ci,/root/practico/mod/fileman/carpetas.php,|'driver'        => 'LocalFileSystem',   // driver for accessing file system (REQUIRED)|,https://www.owasp.org/index.php/Injection_Prevention_Cheat_Sheet
7,ci,/root/practico/mod/fileman/carpetas.php,|'driver'        => 'LocalFileSystem',   // driver for accessing file system (REQUIRED)|,https://www.owasp.org/index.php/Injection_Prevention_Cheat_Sheet
7,ci,/root/practico/mod/fileman/carpetas.php,|'driver'        => 'LocalFileSystem',   // driver for accessing file system (REQUIRED)|,https://www.owasp.org/index.php/Injection_Prevention_Cheat_Sheet
7,ci,/root/practico/mod/fileman/carpetas.php,|'driver'        => 'LocalFileSystem',   // driver for accessing file system (REQUIRED)|,https://www.owasp.org/index.php/Injection_Prevention_Cheat_Sheet
7,ci,/root/practico/mod/fileman/carpetas.php,|'driver'        => 'LocalFileSystem',   // driver for accessing file system (REQUIRED)|,https://www.owasp.org/index.php/Injection_Prevention_Cheat_Sheet
7,ci,/root/practico/mod/fileman/carpetas.php,|'driver'        => 'LocalFileSystem',   // driver for accessing file system (REQUIRED)|,https://www.owasp.org/index.php/Injection_Prevention_Cheat_Sheet
7,ci,/root/practico/mod/fileman/elfinder/php/elFinder.class.php,const ERROR_UNKNOWN_CMD       = 'errUnknownCmd';,https://www.owasp.org/index.php/Injection_Prevention_Cheat_Sheet
7,ci,/root/practico/mod/fileman/elfinder/php/elFinder.class.php,const ERROR_INV_PARAMS        = 'errCmdParams';,https://www.owasp.org/index.php/Injection_Prevention_Cheat_Sheet
7,ci,/root/practico/mod/fileman/elfinder/php/elFinder.class.php,foreach ($opts['bind'] as $cmd => $handler) {,https://www.owasp.org/index.php/Injection_Prevention_Cheat_Sheet
7,ci,/root/practico/mod/fileman/elfinder/php/elFinder.class.php,|$this->bind($cmd, $handler);|,https://www.owasp.org/index.php/Injection_Prevention_Cheat_Sheet
7,ci,/root/practico/mod/fileman/elfinder/php/elFinder.class.php,|public function bind($cmd, $handler) {|,https://www.owasp.org/index.php/Injection_Prevention_Cheat_Sheet
7,ci,/root/practico/mod/fileman/elfinder/php/elFinder.class.php,|$cmds = array_map('trim', explode(' ', $cmd));|,https://www.owasp.org/index.php/Injection_Prevention_Cheat_Sheet
7,ci,/root/practico/mod/fileman/elfinder/php/elFinder.class.php,foreach ($cmds as $cmd) {,https://www.owasp.org/index.php/Injection_Prevention_Cheat_Sheet
7,ci,/root/practico/mod/fileman/elfinder/php/elFinder.class.php,if ($cmd) {,https://www.owasp.org/index.php/Injection_Prevention_Cheat_Sheet
7,ci,/root/practico/mod/fileman/elfinder/php/elFinder.class.php,if (!isset($this->listeners[$cmd])) {,https://www.owasp.org/index.php/Injection_Prevention_Cheat_Sheet
7,ci,/root/practico/mod/fileman/elfinder/php/elFinder.class.php,$this->listeners[$cmd] = array();,https://www.owasp.org/index.php/Injection_Prevention_Cheat_Sheet
7,ci,/root/practico/mod/fileman/elfinder/php/elFinder.class.php,$this->listeners[$cmd][] = $handler;,https://www.owasp.org/index.php/Injection_Prevention_Cheat_Sheet
7,ci,/root/practico/mod/fileman/elfinder/php/elFinder.class.php,|public function unbind($cmd, $handler) {|,https://www.owasp.org/index.php/Injection_Prevention_Cheat_Sheet
7,ci,/root/practico/mod/fileman/elfinder/php/elFinder.class.php,if (!empty($this->listeners[$cmd])) {,https://www.owasp.org/index.php/Injection_Prevention_Cheat_Sheet
7,ci,/root/practico/mod/fileman/elfinder/php/elFinder.class.php,foreach ($this->listeners[$cmd] as $i => $h) {,https://www.owasp.org/index.php/Injection_Prevention_Cheat_Sheet
7,ci,/root/practico/mod/fileman/elfinder/php/elFinder.class.php,unset($this->listeners[$cmd][$i]);,https://www.owasp.org/index.php/Injection_Prevention_Cheat_Sheet
7,ci,/root/practico/mod/fileman/elfinder/php/elFinder.class.php,public function commandExists($cmd) {,https://www.owasp.org/index.php/Injection_Prevention_Cheat_Sheet
7,ci,/root/practico/mod/fileman/elfinder/php/elFinder.class.php,|return $this->loaded && isset($this->commands[$cmd]) && method_exists($this, $cmd);|,https://www.owasp.org/index.php/Injection_Prevention_Cheat_Sheet
7,ci,/root/practico/mod/fileman/elfinder/php/elFinder.class.php,public function commandArgsList($cmd) {,https://www.owasp.org/index.php/Injection_Prevention_Cheat_Sheet
7,ci,/root/practico/mod/fileman/elfinder/php/elFinder.class.php,return $this->commandExists($cmd) ? $this->commands[$cmd] : array();,https://www.owasp.org/index.php/Injection_Prevention_Cheat_Sheet
7,ci,/root/practico/mod/fileman/elfinder/php/elFinder.class.php,* @param  string  $cmd  command name,https://www.owasp.org/index.php/Injection_Prevention_Cheat_Sheet
7,ci,/root/practico/mod/fileman/elfinder/php/elFinder.class.php,|public function exec($cmd, $args) {|,https://www.owasp.org/index.php/Injection_Prevention_Cheat_Sheet
7,ci,/root/practico/mod/fileman/elfinder/php/elFinder.class.php,|public function exec($cmd, $args) {|,https://www.owasp.org/index.php/Injection_Prevention_Cheat_Sheet
7,ci,/root/practico/mod/fileman/elfinder/php/elFinder.class.php,if (!$this->commandExists($cmd)) {,https://www.owasp.org/index.php/Injection_Prevention_Cheat_Sheet
7,ci,/root/practico/mod/fileman/elfinder/php/elFinder.class.php,return array('error' => $this->error(self::ERROR_UNKNOWN_CMD));,https://www.owasp.org/index.php/Injection_Prevention_Cheat_Sheet
7,ci,/root/practico/mod/fileman/elfinder/php/elFinder.class.php,$result = $this->$cmd($args);,https://www.owasp.org/index.php/Injection_Prevention_Cheat_Sheet
7,ci,/root/practico/mod/fileman/elfinder/php/elFinder.class.php,if (!empty($this->listeners[$cmd])) {,https://www.owasp.org/index.php/Injection_Prevention_Cheat_Sheet
7,ci,/root/practico/mod/fileman/elfinder/php/elFinder.class.php,foreach ($this->listeners[$cmd] as $handler) {,https://www.owasp.org/index.php/Injection_Prevention_Cheat_Sheet
7,ci,/root/practico/mod/fileman/elfinder/php/elFinder.class.php,|if ((is_array($handler) && $handler[0]->{$handler[1]}($cmd, $result, $args, $this))|,https://www.owasp.org/index.php/Injection_Prevention_Cheat_Sheet
7,ci,/root/practico/mod/fileman/elfinder/php/elFinder.class.php,|||||  (!is_array($handler) && $handler($cmd, $result, $args, $this))) {|,https://www.owasp.org/index.php/Injection_Prevention_Cheat_Sheet
7,ci,/root/practico/mod/fileman/elfinder/php/elFinderVolumeMySQL.class.php,if ($res = $this->db->query('SHOW TABLES')) {,https://www.owasp.org/index.php/Injection_Prevention_Cheat_Sheet
7,ci,/root/practico/mod/fileman/elfinder/php/elFinderVolumeMySQL.class.php,protected function query($sql) {,https://www.owasp.org/index.php/Injection_Prevention_Cheat_Sheet
7,ci,/root/practico/mod/fileman/elfinder/php/elFinderVolumeMySQL.class.php,$res = $this->db->query($sql);,https://www.owasp.org/index.php/Injection_Prevention_Cheat_Sheet
7,ci,/root/practico/mod/fileman/elfinder/php/elFinderVolumeMySQL.class.php,return $this->query($sql) && $this->db->affected_rows > 0;,https://www.owasp.org/index.php/Injection_Prevention_Cheat_Sheet
7,ci,/root/practico/mod/fileman/elfinder/php/elFinderVolumeMySQL.class.php,if (($res = $this->query('SELECT content FROM '.$this->tbf.' WHERE id="'.$path.'"')),https://www.owasp.org/index.php/Injection_Prevention_Cheat_Sheet
7,ci,/root/practico/mod/fileman/elfinder/php/elFinderVolumeMySQL.class.php,if (!$this->query($sql)) {,https://www.owasp.org/index.php/Injection_Prevention_Cheat_Sheet
7,ci,/root/practico/mod/fileman/elfinder/php/elFinderVolumeMySQL.class.php,if (!$this->query($sql)) {,https://www.owasp.org/index.php/Injection_Prevention_Cheat_Sheet
7,ci,/root/practico/mod/fileman/elfinder/php/elFinderVolumeMySQL.class.php,$res = $this->query($sql);,https://www.owasp.org/index.php/Injection_Prevention_Cheat_Sheet
7,ci,/root/practico/mod/fileman/elfinder/php/elFinderVolumeMySQL.class.php,if (($res = $this->query($sql)) && ($r = $res->fetch_assoc())) {,https://www.owasp.org/index.php/Injection_Prevention_Cheat_Sheet
7,ci,/root/practico/mod/fileman/elfinder/php/elFinderVolumeMySQL.class.php,$res = $this->query($sql);,https://www.owasp.org/index.php/Injection_Prevention_Cheat_Sheet
7,ci,/root/practico/mod/fileman/elfinder/php/elFinderVolumeMySQL.class.php,if (($res = $this->query('SELECT content FROM '.$this->tbf.' WHERE id="'.$path.'"')),https://www.owasp.org/index.php/Injection_Prevention_Cheat_Sheet
7,ci,/root/practico/mod/fileman/elfinder/php/elFinderVolumeMySQL.class.php,return $this->query($sql);,https://www.owasp.org/index.php/Injection_Prevention_Cheat_Sheet
7,ci,/root/practico/mod/fileman/elfinder/php/elFinderVolumeMySQL.class.php,return $this->query($sql) && $this->db->affected_rows > 0;,https://www.owasp.org/index.php/Injection_Prevention_Cheat_Sheet
7,ci,/root/practico/mod/fileman/elfinder/php/elFinderVolumeMySQL.class.php,|return $this->query(sprintf('DELETE FROM %s WHERE id=%d AND mime!="directory" LIMIT 1', $this->tbf, $path)) && $this->db->affected_rows;|,https://www.owasp.org/index.php/Injection_Prevention_Cheat_Sheet
7,ci,/root/practico/mod/fileman/elfinder/php/elFinderVolumeMySQL.class.php,|return $this->query(sprintf('DELETE FROM %s WHERE id=%d AND mime="directory" LIMIT 1', $this->tbf, $path)) && $this->db->affected_rows;|,https://www.owasp.org/index.php/Injection_Prevention_Cheat_Sheet
7,ci,/root/practico/mod/fileman/elfinder/php/elFinderVolumeMySQL.class.php,$res = $this->query($sql);,https://www.owasp.org/index.php/Injection_Prevention_Cheat_Sheet
7,ci,/root/practico/mod/fileman/elfinder/php/elFinderVolumeMySQL.class.php,if ($this->query($sql)) {,https://www.owasp.org/index.php/Injection_Prevention_Cheat_Sheet
7,ci,/root/practico/mod/fileman/elfinder/php/elFinderVolumeMySQL.class.php,|return ($res = $this->query(sprintf('SELECT content FROM %s WHERE id=%d', $this->tbf, $path))) && ($r = $res->fetch_assoc()) ? $r['content'] : false;|,https://www.owasp.org/index.php/Injection_Prevention_Cheat_Sheet
7,ci,/root/practico/mod/fileman/elfinder/php/elFinderVolumeMySQL.class.php,|return $this->query(sprintf('UPDATE %s SET content="%s", size=%d, mtime=%d WHERE id=%d LIMIT 1', $this->tbf, $this->db->real_escape_string($content), strlen($content), time(), $path));|,https://www.owasp.org/index.php/Injection_Prevention_Cheat_Sheet
7,ci,/root/practico/mod/fileman/elfinder/php/elFinderVolumeDriver.class.php,&& !empty($conf['cmd']),https://www.owasp.org/index.php/Injection_Prevention_Cheat_Sheet
7,ci,/root/practico/mod/fileman/elfinder/php/elFinderVolumeDriver.class.php,&& !empty($cons['cmd']),https://www.owasp.org/index.php/Injection_Prevention_Cheat_Sheet
7,ci,/root/practico/mod/fileman/elfinder/php/elFinderVolumeDriver.class.php,* @param  string  $cmd  command name,https://www.owasp.org/index.php/Injection_Prevention_Cheat_Sheet
7,ci,/root/practico/mod/fileman/elfinder/php/elFinderVolumeDriver.class.php,public function commandDisabled($cmd) {,https://www.owasp.org/index.php/Injection_Prevention_Cheat_Sheet
7,ci,/root/practico/mod/fileman/elfinder/php/elFinderVolumeDriver.class.php,|return in_array($cmd, $this->disabled);|,https://www.owasp.org/index.php/Injection_Prevention_Cheat_Sheet
7,ci,/root/practico/mod/fileman/elfinder/php/elFinderVolumeDriver.class.php,|protected function procExec($command , array &$output = null, &$return_var = -1, array &$error_output = null) {|,https://www.owasp.org/index.php/Injection_Prevention_Cheat_Sheet
7,ci,/root/practico/mod/fileman/elfinder/php/elFinderVolumeLocalFileSystem.class.php,|$this->procExec('tar --version', $o, $ctar);|,https://www.owasp.org/index.php/Injection_Prevention_Cheat_Sheet
7,ci,/root/practico/mod/fileman/elfinder/php/elFinderVolumeLocalFileSystem.class.php,|$arcs['create']['application/x-tar']  = array('cmd' => 'tar', 'argc' => '-cf', 'ext' => 'tar');|,https://www.owasp.org/index.php/Injection_Prevention_Cheat_Sheet
7,ci,/root/practico/mod/fileman/elfinder/php/elFinderVolumeLocalFileSystem.class.php,|$arcs['extract']['application/x-tar'] = array('cmd' => 'tar', 'argc' => '-xf', 'ext' => 'tar');|,https://www.owasp.org/index.php/Injection_Prevention_Cheat_Sheet
7,ci,/root/practico/mod/fileman/elfinder/php/elFinderVolumeLocalFileSystem.class.php,|$test = $this->procExec('gzip --version', $o, $c);|,https://www.owasp.org/index.php/Injection_Prevention_Cheat_Sheet
7,ci,/root/practico/mod/fileman/elfinder/php/elFinderVolumeLocalFileSystem.class.php,|$arcs['create']['application/x-gzip']  = array('cmd' => 'tar', 'argc' => '-czf', 'ext' => 'tgz');|,https://www.owasp.org/index.php/Injection_Prevention_Cheat_Sheet
7,ci,/root/practico/mod/fileman/elfinder/php/elFinderVolumeLocalFileSystem.class.php,|$arcs['extract']['application/x-gzip'] = array('cmd' => 'tar', 'argc' => '-xzf', 'ext' => 'tgz');|,https://www.owasp.org/index.php/Injection_Prevention_Cheat_Sheet
7,ci,/root/practico/mod/fileman/elfinder/php/elFinderVolumeLocalFileSystem.class.php,|$test = $this->procExec('bzip2 --version', $o, $c);|,https://www.owasp.org/index.php/Injection_Prevention_Cheat_Sheet
7,ci,/root/practico/mod/fileman/elfinder/php/elFinderVolumeLocalFileSystem.class.php,|$arcs['create']['application/x-bzip2']  = array('cmd' => 'tar', 'argc' => '-cjf', 'ext' => 'tbz');|,https://www.owasp.org/index.php/Injection_Prevention_Cheat_Sheet
7,ci,/root/practico/mod/fileman/elfinder/php/elFinderVolumeLocalFileSystem.class.php,|$arcs['extract']['application/x-bzip2'] = array('cmd' => 'tar', 'argc' => '-xjf', 'ext' => 'tbz');|,https://www.owasp.org/index.php/Injection_Prevention_Cheat_Sheet
7,ci,/root/practico/mod/fileman/elfinder/php/elFinderVolumeLocalFileSystem.class.php,|$this->procExec('zip -v', $o, $c);|,https://www.owasp.org/index.php/Injection_Prevention_Cheat_Sheet
7,ci,/root/practico/mod/fileman/elfinder/php/elFinderVolumeLocalFileSystem.class.php,|$arcs['create']['application/zip']  = array('cmd' => 'zip', 'argc' => '-r9', 'ext' => 'zip');|,https://www.owasp.org/index.php/Injection_Prevention_Cheat_Sheet
7,ci,/root/practico/mod/fileman/elfinder/php/elFinderVolumeLocalFileSystem.class.php,|$this->procExec('unzip --help', $o, $c);|,https://www.owasp.org/index.php/Injection_Prevention_Cheat_Sheet
7,ci,/root/practico/mod/fileman/elfinder/php/elFinderVolumeLocalFileSystem.class.php,|$arcs['extract']['application/zip'] = array('cmd' => 'unzip', 'argc' => '',  'ext' => 'zip');|,https://www.owasp.org/index.php/Injection_Prevention_Cheat_Sheet
7,ci,/root/practico/mod/fileman/elfinder/php/elFinderVolumeLocalFileSystem.class.php,|$this->procExec('rar --version', $o, $c);|,https://www.owasp.org/index.php/Injection_Prevention_Cheat_Sheet
7,ci,/root/practico/mod/fileman/elfinder/php/elFinderVolumeLocalFileSystem.class.php,|$arcs['create']['application/x-rar']  = array('cmd' => 'rar', 'argc' => 'a -inul', 'ext' => 'rar');|,https://www.owasp.org/index.php/Injection_Prevention_Cheat_Sheet
7,ci,/root/practico/mod/fileman/elfinder/php/elFinderVolumeLocalFileSystem.class.php,|$arcs['extract']['application/x-rar'] = array('cmd' => 'rar', 'argc' => 'x -y',    'ext' => 'rar');|,https://www.owasp.org/index.php/Injection_Prevention_Cheat_Sheet
7,ci,/root/practico/mod/fileman/elfinder/php/elFinderVolumeLocalFileSystem.class.php,|$test = $this->procExec('unrar', $o, $c);|,https://www.owasp.org/index.php/Injection_Prevention_Cheat_Sheet
7,ci,/root/practico/mod/fileman/elfinder/php/elFinderVolumeLocalFileSystem.class.php,|$arcs['extract']['application/x-rar'] = array('cmd' => 'unrar', 'argc' => 'x -y', 'ext' => 'rar');|,https://www.owasp.org/index.php/Injection_Prevention_Cheat_Sheet
7,ci,/root/practico/mod/fileman/elfinder/php/elFinderVolumeLocalFileSystem.class.php,|$this->procExec('7za --help', $o, $c);|,https://www.owasp.org/index.php/Injection_Prevention_Cheat_Sheet
7,ci,/root/practico/mod/fileman/elfinder/php/elFinderVolumeLocalFileSystem.class.php,|$arcs['create']['application/x-7z-compressed']  = array('cmd' => '7za', 'argc' => 'a', 'ext' => '7z');|,https://www.owasp.org/index.php/Injection_Prevention_Cheat_Sheet
7,ci,/root/practico/mod/fileman/elfinder/php/elFinderVolumeLocalFileSystem.class.php,|$arcs['extract']['application/x-7z-compressed'] = array('cmd' => '7za', 'argc' => 'e -y', 'ext' => '7z');|,https://www.owasp.org/index.php/Injection_Prevention_Cheat_Sheet
7,ci,/root/practico/mod/fileman/elfinder/php/elFinderVolumeLocalFileSystem.class.php,|$arcs['create']['application/x-gzip'] = array('cmd' => '7za', 'argc' => 'a -tgzip', 'ext' => 'tar.gz');|,https://www.owasp.org/index.php/Injection_Prevention_Cheat_Sheet
7,ci,/root/practico/mod/fileman/elfinder/php/elFinderVolumeLocalFileSystem.class.php,|$arcs['extract']['application/x-gzip'] = array('cmd' => '7za', 'argc' => 'e -tgzip -y', 'ext' => 'tar.gz');|,https://www.owasp.org/index.php/Injection_Prevention_Cheat_Sheet
7,ci,/root/practico/mod/fileman/elfinder/php/elFinderVolumeLocalFileSystem.class.php,|$arcs['create']['application/x-bzip2'] = array('cmd' => '7za', 'argc' => 'a -tbzip2', 'ext' => 'tar.bz');|,https://www.owasp.org/index.php/Injection_Prevention_Cheat_Sheet
7,ci,/root/practico/mod/fileman/elfinder/php/elFinderVolumeLocalFileSystem.class.php,|$arcs['extract']['application/x-bzip2'] = array('cmd' => '7za', 'argc' => 'a -tbzip2 -y', 'ext' => 'tar.bz');|,https://www.owasp.org/index.php/Injection_Prevention_Cheat_Sheet
7,ci,/root/practico/mod/fileman/elfinder/php/elFinderVolumeLocalFileSystem.class.php,|$arcs['create']['application/zip'] = array('cmd' => '7za', 'argc' => 'a -tzip -l', 'ext' => 'zip');|,https://www.owasp.org/index.php/Injection_Prevention_Cheat_Sheet
7,ci,/root/practico/mod/fileman/elfinder/php/elFinderVolumeLocalFileSystem.class.php,|$arcs['extract']['application/zip'] = array('cmd' => '7za', 'argc' => 'e -tzip -y', 'ext' => 'zip');|,https://www.owasp.org/index.php/Injection_Prevention_Cheat_Sheet
7,ci,/root/practico/mod/fileman/elfinder/php/elFinderVolumeLocalFileSystem.class.php,|$arcs['create']['application/x-tar'] = array('cmd' => '7za', 'argc' => 'a -ttar -l', 'ext' => 'tar');|,https://www.owasp.org/index.php/Injection_Prevention_Cheat_Sheet
7,ci,/root/practico/mod/fileman/elfinder/php/elFinderVolumeLocalFileSystem.class.php,|$arcs['extract']['application/x-tar'] = array('cmd' => '7za', 'argc' => 'e -ttar -y', 'ext' => 'tar');|,https://www.owasp.org/index.php/Injection_Prevention_Cheat_Sheet
7,ci,/root/practico/mod/fileman/elfinder/php/elFinderVolumeLocalFileSystem.class.php,$cmd = $arc['cmd'].' '.$arc['argc'].' '.escapeshellarg($this->_basename($path));,https://www.owasp.org/index.php/Injection_Prevention_Cheat_Sheet
7,ci,/root/practico/mod/fileman/elfinder/php/elFinderVolumeLocalFileSystem.class.php,|$this->procExec($cmd, $o, $c);|,https://www.owasp.org/index.php/Injection_Prevention_Cheat_Sheet
7,ci,/root/practico/mod/fileman/elfinder/php/elFinderVolumeLocalFileSystem.class.php,|$this->procExec($cmd, $o, $c);|,https://www.owasp.org/index.php/Injection_Prevention_Cheat_Sheet
7,ci,/root/practico/mod/fileman/elfinder/php/elFinderVolumeLocalFileSystem.class.php,|$cmd = $arc['cmd'].' '.$arc['argc'].' '.escapeshellarg($name).' '.implode(' ', $files);|,https://www.owasp.org/index.php/Injection_Prevention_Cheat_Sheet
7,ci,/root/practico/mod/fileman/elfinder/php/elFinderVolumeLocalFileSystem.class.php,|$this->procExec($cmd, $o, $c);|,https://www.owasp.org/index.php/Injection_Prevention_Cheat_Sheet
7,ci,/root/practico/mod/fileman/elfinder/php/elFinderVolumeLocalFileSystem.class.php,|$this->procExec($cmd, $o, $c);|,https://www.owasp.org/index.php/Injection_Prevention_Cheat_Sheet
7,ci,/root/practico/mod/fileman/elfinder/php/elFinderConnector.class.php,$cmd    = isset($src['cmd']) ? $src['cmd'] : '';,https://www.owasp.org/index.php/Injection_Prevention_Cheat_Sheet
7,ci,/root/practico/mod/fileman/elfinder/php/elFinderConnector.class.php,if (!$cmd && $isPost) {,https://www.owasp.org/index.php/Injection_Prevention_Cheat_Sheet
7,ci,/root/practico/mod/fileman/elfinder/php/elFinderConnector.class.php,if (!$this->elFinder->commandExists($cmd)) {,https://www.owasp.org/index.php/Injection_Prevention_Cheat_Sheet
7,ci,/root/practico/mod/fileman/elfinder/php/elFinderConnector.class.php,$this->output(array('error' => $this->elFinder->error(elFinder::ERROR_UNKNOWN_CMD)));,https://www.owasp.org/index.php/Injection_Prevention_Cheat_Sheet
7,ci,/root/practico/mod/fileman/elfinder/php/elFinderConnector.class.php,foreach ($this->elFinder->commandArgsList($cmd) as $name => $req) {,https://www.owasp.org/index.php/Injection_Prevention_Cheat_Sheet
7,ci,/root/practico/mod/fileman/elfinder/php/elFinderConnector.class.php,|$this->output(array('error' => $this->elFinder->error(elFinder::ERROR_INV_PARAMS, $cmd)));|,https://www.owasp.org/index.php/Injection_Prevention_Cheat_Sheet
7,ci,/root/practico/mod/fileman/elfinder/php/elFinderConnector.class.php,|$this->output($this->elFinder->exec($cmd, $args));|,https://www.owasp.org/index.php/Injection_Prevention_Cheat_Sheet
7,ci,/root/practico/mod/fileman/elfinder/php/elFinderConnector.class.php,|$this->output($this->elFinder->exec($cmd, $args));|,https://www.owasp.org/index.php/Injection_Prevention_Cheat_Sheet
7,ci,/root/practico/mod/ldap/phpldapadmin-1.2.3/htdocs/compare.php,|$href = sprintf('cmd.php?cmd=template_engine&server_id=%s&dn=%s',|,https://www.owasp.org/index.php/Injection_Prevention_Cheat_Sheet
7,ci,/root/practico/mod/ldap/phpldapadmin-1.2.3/htdocs/compare.php,|$href = sprintf('cmd.php?cmd=template_engine&server_id=%s&dn=%s',|,https://www.owasp.org/index.php/Injection_Prevention_Cheat_Sheet
7,ci,/root/practico/mod/ldap/phpldapadmin-1.2.3/htdocs/login.php,|sprintf('cmd.php?cmd=login_form&server_id=%s',get_request('server_id','REQUEST')));|,https://www.owasp.org/index.php/Injection_Prevention_Cheat_Sheet
7,ci,/root/practico/mod/ldap/phpldapadmin-1.2.3/htdocs/login.php,|sprintf('cmd.php?server_id=%s',get_request('server_id','REQUEST')));|,https://www.owasp.org/index.php/Injection_Prevention_Cheat_Sheet
7,ci,/root/practico/mod/ldap/phpldapadmin-1.2.3/htdocs/login.php,|sprintf('cmd.php?cmd=login_form&server_id=%s',get_request('server_id','REQUEST')));|,https://www.owasp.org/index.php/Injection_Prevention_Cheat_Sheet
7,ci,/root/practico/mod/ldap/phpldapadmin-1.2.3/htdocs/copy.php,|$redirect_url = sprintf('cmd.php?cmd=template_engine&server_id=%s&dn=%s&refresh=SID_%s_nodes&noheader=1',|,https://www.owasp.org/index.php/Injection_Prevention_Cheat_Sheet
7,ci,/root/practico/mod/ldap/phpldapadmin-1.2.3/htdocs/rename.php,|$redirect_url = sprintf('cmd.php?cmd=template_engine&server_id=%s&dn=%s&template=%s',|,https://www.owasp.org/index.php/Injection_Prevention_Cheat_Sheet
7,ci,/root/practico/mod/ldap/phpldapadmin-1.2.3/htdocs/monitor.php,|$results = $app['server']->query($query,null);|,https://www.owasp.org/index.php/Injection_Prevention_Cheat_Sheet
7,ci,/root/practico/mod/ldap/phpldapadmin-1.2.3/htdocs/create_confirm.php,|(isAjaxEnabled() ? sprintf('onclick="return ajDISPLAY(\'BODY\',\'cmd=template_engine&server_id=%s&container=%s\',\'%s\');"',$app['server']->getIndex(),$request['template']->getContainer(),_('Retrieving DN')) : ''));|,https://www.owasp.org/index.php/Injection_Prevention_Cheat_Sheet
7,ci,/root/practico/mod/ldap/phpldapadmin-1.2.3/htdocs/create_confirm.php,|$href = sprintf('cmd=template_engine&server_id=%s&dn=%s',|,https://www.owasp.org/index.php/Injection_Prevention_Cheat_Sheet
7,ci,/root/practico/mod/ldap/phpldapadmin-1.2.3/htdocs/cmd.php,|$www['cmd'] = get_request('cmd','REQUEST');|,https://www.owasp.org/index.php/Injection_Prevention_Cheat_Sheet
7,ci,/root/practico/mod/ldap/phpldapadmin-1.2.3/htdocs/cmd.php,switch ($www['cmd']) {,https://www.owasp.org/index.php/Injection_Prevention_Cheat_Sheet
7,ci,/root/practico/mod/ldap/phpldapadmin-1.2.3/htdocs/cmd.php,if (defined('HOOKSDIR') && file_exists(HOOKSDIR.$www['cmd'].'.php')),https://www.owasp.org/index.php/Injection_Prevention_Cheat_Sheet
7,ci,/root/practico/mod/ldap/phpldapadmin-1.2.3/htdocs/cmd.php,$app['script_cmd'] = HOOKSDIR.$www['cmd'].'.php';,https://www.owasp.org/index.php/Injection_Prevention_Cheat_Sheet
7,ci,/root/practico/mod/ldap/phpldapadmin-1.2.3/htdocs/cmd.php,elseif (defined('HTDOCDIR') && file_exists(HTDOCDIR.$www['cmd'].'.php')),https://www.owasp.org/index.php/Injection_Prevention_Cheat_Sheet
7,ci,/root/practico/mod/ldap/phpldapadmin-1.2.3/htdocs/cmd.php,$app['script_cmd'] = HTDOCDIR.$www['cmd'].'.php';,https://www.owasp.org/index.php/Injection_Prevention_Cheat_Sheet
7,ci,/root/practico/mod/ldap/phpldapadmin-1.2.3/htdocs/cmd.php,$app['script_cmd'] = 'welcome.php';,https://www.owasp.org/index.php/Injection_Prevention_Cheat_Sheet
7,ci,/root/practico/mod/ldap/phpldapadmin-1.2.3/htdocs/cmd.php,$app['script_cmd'] = null;,https://www.owasp.org/index.php/Injection_Prevention_Cheat_Sheet
7,ci,/root/practico/mod/ldap/phpldapadmin-1.2.3/htdocs/cmd.php,|debug_log('Ready to render page for command [%s,%s].',128,0,__FILE__,__LINE__,__METHOD__,$www['cmd'],$app['script_cmd']);|,https://www.owasp.org/index.php/Injection_Prevention_Cheat_Sheet
7,ci,/root/practico/mod/ldap/phpldapadmin-1.2.3/htdocs/cmd.php,if (trim($www['cmd'])) {,https://www.owasp.org/index.php/Injection_Prevention_Cheat_Sheet
7,ci,/root/practico/mod/ldap/phpldapadmin-1.2.3/htdocs/cmd.php,|if ($app['server']->isReadOnly() && ! in_array(get_request('cmd','REQUEST'),$app['readwrite_cmds']))|,https://www.owasp.org/index.php/Injection_Prevention_Cheat_Sheet
7,ci,/root/practico/mod/ldap/phpldapadmin-1.2.3/htdocs/cmd.php,|if (! $_SESSION[APPCONFIG]->isCommandAvailable('script',$www['cmd'])) {|,https://www.owasp.org/index.php/Injection_Prevention_Cheat_Sheet
7,ci,/root/practico/mod/ldap/phpldapadmin-1.2.3/htdocs/cmd.php,$app['script_cmd'] = null;,https://www.owasp.org/index.php/Injection_Prevention_Cheat_Sheet
7,ci,/root/practico/mod/ldap/phpldapadmin-1.2.3/htdocs/cmd.php,if ($app['script_cmd']),https://www.owasp.org/index.php/Injection_Prevention_Cheat_Sheet
7,ci,/root/practico/mod/ldap/phpldapadmin-1.2.3/htdocs/cmd.php,include $app['script_cmd'];,https://www.owasp.org/index.php/Injection_Prevention_Cheat_Sheet
7,ci,/root/practico/mod/ldap/phpldapadmin-1.2.3/htdocs/cmd.php,|printf("ajDISPLAY('%s','cmd=refresh&server_id=%s&noheader=%s','%s');",|,https://www.owasp.org/index.php/Injection_Prevention_Cheat_Sheet
7,ci,/root/practico/mod/ldap/phpldapadmin-1.2.3/htdocs/update.php,|header(sprintf('Location: cmd.php?cmd=template_engine&server_id=%s&dn=%s',|,https://www.owasp.org/index.php/Injection_Prevention_Cheat_Sheet
7,ci,/root/practico/mod/ldap/phpldapadmin-1.2.3/htdocs/update.php,|sprintf('cmd.php?cmd=login_form&server_id=%s',$app['server']->getIndex()));|,https://www.owasp.org/index.php/Injection_Prevention_Cheat_Sheet
7,ci,/root/practico/mod/ldap/phpldapadmin-1.2.3/htdocs/update.php,|$redirect_url = sprintf('cmd.php?cmd=template_engine&server_id=%s&dn=%s',|,https://www.owasp.org/index.php/Injection_Prevention_Cheat_Sheet
7,ci,/root/practico/mod/ldap/phpldapadmin-1.2.3/htdocs/mass_delete.php,|$request['search'] = array_merge($request['search'],$app['server']->query($query,null));|,https://www.owasp.org/index.php/Injection_Prevention_Cheat_Sheet
7,ci,/root/practico/mod/ldap/phpldapadmin-1.2.3/htdocs/create.php,|$href = sprintf('cmd=template_engine&server_id=%s',$app['server']->getIndex());|,https://www.owasp.org/index.php/Injection_Prevention_Cheat_Sheet
7,ci,/root/practico/mod/ldap/phpldapadmin-1.2.3/htdocs/create.php,|$redirect_url = sprintf('cmd.php?%s&template=%s&container=%s',|,https://www.owasp.org/index.php/Injection_Prevention_Cheat_Sheet
7,ci,/root/practico/mod/ldap/phpldapadmin-1.2.3/htdocs/create.php,|$redirect_url = sprintf('cmd.php?%s&template=%s&dn=%s',|,https://www.owasp.org/index.php/Injection_Prevention_Cheat_Sheet
7,ci,/root/practico/mod/ldap/phpldapadmin-1.2.3/htdocs/add_oclass_form.php,|$href = sprintf('cmd.php?cmd=template_engine&server_id=%s&dn=%s&modified_attrs[]=objectclass',|,https://www.owasp.org/index.php/Injection_Prevention_Cheat_Sheet
7,ci,/root/practico/mod/ldap/phpldapadmin-1.2.3/htdocs/server_info.php,|$href = sprintf('cmd.php?cmd=schema&amp;server_id=%s&amp;view=attributes&amp;viewvalue=%s',$app['server']->getIndex(),$sattr->getName());|,https://www.owasp.org/index.php/Injection_Prevention_Cheat_Sheet
7,ci,/root/practico/mod/ldap/phpldapadmin-1.2.3/htdocs/delete_attr.php,|$redirect_url = sprintf('cmd.php?cmd=template_engine&server_id=%s&dn=%s',|,https://www.owasp.org/index.php/Injection_Prevention_Cheat_Sheet
7,ci,/root/practico/mod/ldap/phpldapadmin-1.2.3/htdocs/import.php,|$edit_href = sprintf('cmd.php?cmd=template_engine&amp;server_id=%s&amp;dn=%s',$app['server']->getIndex(),|,https://www.owasp.org/index.php/Injection_Prevention_Cheat_Sheet
7,ci,/root/practico/mod/ldap/phpldapadmin-1.2.3/htdocs/show_cache.php,var poststr = "cmd=show_cache&key=" + encodeURI(key);,https://www.owasp.org/index.php/Injection_Prevention_Cheat_Sheet
7,ci,/root/practico/mod/ldap/phpldapadmin-1.2.3/htdocs/show_cache.php,|makeHttpRequest('cmd.php',poststr,'POST','alertCacheContents','cancelCacheContents');|,https://www.owasp.org/index.php/Injection_Prevention_Cheat_Sheet
7,ci,/root/practico/mod/ldap/phpldapadmin-1.2.3/htdocs/update_confirm.php,|(isAjaxEnabled() ? sprintf('onclick="return ajDISPLAY(\'BODY\',\'cmd=template_engine&dn=%s\',\'%s\');"',htmlspecialchars($request['dn']),_('Retrieving DN')) : ''));|,https://www.owasp.org/index.php/Injection_Prevention_Cheat_Sheet
7,ci,/root/practico/mod/ldap/phpldapadmin-1.2.3/htdocs/update_confirm.php,|$href = sprintf('cmd=template_engine&server_id=%s&dn=%s',|,https://www.owasp.org/index.php/Injection_Prevention_Cheat_Sheet
7,ci,/root/practico/mod/ldap/phpldapadmin-1.2.3/htdocs/schema.php,|$entry['href'][$item] = sprintf('cmd=schema&server_id=%s&view=%s',$app['server']->getIndex(),$item);|,https://www.owasp.org/index.php/Injection_Prevention_Cheat_Sheet
7,ci,/root/practico/mod/ldap/phpldapadmin-1.2.3/htdocs/modify_member_form.php,|$possible_values = array_merge($possible_values,$app['server']->query($query,null));|,https://www.owasp.org/index.php/Injection_Prevention_Cheat_Sheet
7,ci,/root/practico/mod/ldap/phpldapadmin-1.2.3/htdocs/index.php,|header(sprintf('Location: cmd.php?%s',base64_decode($uri)));|,https://www.owasp.org/index.php/Injection_Prevention_Cheat_Sheet
7,ci,/root/practico/mod/ldap/phpldapadmin-1.2.3/htdocs/index.php,include './cmd.php';,https://www.owasp.org/index.php/Injection_Prevention_Cheat_Sheet
7,ci,/root/practico/mod/ldap/phpldapadmin-1.2.3/htdocs/delete_form.php,|$search['href'] = htmlspecialchars(sprintf('cmd.php?cmd=query_engine&server_id=%s&filter=%s&base=%s&scope=sub&query=none&format=list',|,https://www.owasp.org/index.php/Injection_Prevention_Cheat_Sheet
7,ci,/root/practico/mod/ldap/phpldapadmin-1.2.3/htdocs/delete_form.php,|$request['search'] = $app['server']->query($query,null);|,https://www.owasp.org/index.php/Injection_Prevention_Cheat_Sheet
7,ci,/root/practico/mod/ldap/phpldapadmin-1.2.3/htdocs/delete_form.php,|(isAjaxEnabled() ? sprintf('onclick="return ajDISPLAY(\'BODY\',\'cmd=template_engine&server_id=%s&dn=%s\',\'%s\');"',$app['server']->getIndex(),$request['template']->getDNEncode(),_('Retrieving DN')) : ''));|,https://www.owasp.org/index.php/Injection_Prevention_Cheat_Sheet
7,ci,/root/practico/mod/ldap/phpldapadmin-1.2.3/htdocs/delete_form.php,|(isAjaxEnabled() ? sprintf('onclick="return ajDISPLAY(\'BODY\',\'cmd=template_engine&server_id=%s&dn=%s\',\'%s\');"',$app['server']->getIndex(),$request['template']->getDNEncode(),_('Retrieving DN')) : ''));|,https://www.owasp.org/index.php/Injection_Prevention_Cheat_Sheet
7,ci,/root/practico/mod/ldap/phpldapadmin-1.2.3/htdocs/welcome.php,|if ($_SESSION[APPCONFIG]->isCommandAvailable('cmd','oslinks')) {|,https://www.owasp.org/index.php/Injection_Prevention_Cheat_Sheet
7,ci,/root/practico/mod/ldap/phpldapadmin-1.2.3/htdocs/refresh.php,|header(sprintf('Location: cmd.php?cmd=draw_tree_node&noheader=%s&server_id=%s&meth=ajax&frame=TREE',get_request('noheader','REQUEST',false,0),$app['server']->getIndex()));|,https://www.owasp.org/index.php/Injection_Prevention_Cheat_Sheet
7,ci,/root/practico/mod/ldap/phpldapadmin-1.2.3/htdocs/refresh.php,|header(sprintf('Location: cmd.php?server_id=%s',$app['server']->getIndex()));|,https://www.owasp.org/index.php/Injection_Prevention_Cheat_Sheet
7,ci,/root/practico/mod/ldap/phpldapadmin-1.2.3/htdocs/login_form.php,|sprintf('cmd.php?server_id=%s&refresh=SID_%s',$app['server']->getIndex(),$app['server']->getIndex()));|,https://www.owasp.org/index.php/Injection_Prevention_Cheat_Sheet
7,ci,/root/practico/mod/ldap/phpldapadmin-1.2.3/lib/import_functions.php,|'type'=>'error'),sprintf('cmd.php?cmd=import_form&server_id=%s',get_request('server_id','REQUEST')));|,https://www.owasp.org/index.php/Injection_Prevention_Cheat_Sheet
7,ci,/root/practico/mod/ldap/phpldapadmin-1.2.3/lib/ds.php,|abstract public function query($query,$method,$index=null,$debug=false);|,https://www.owasp.org/index.php/Injection_Prevention_Cheat_Sheet
7,ci,/root/practico/mod/ldap/phpldapadmin-1.2.3/lib/AJAXTree.php,|$parms['edit'] = htmlspecialchars(sprintf('cmd=template_engine&server_id=%s&dn=%s',$this->getServerID(),$entry->getDNEncode()));|,https://www.owasp.org/index.php/Injection_Prevention_Cheat_Sheet
7,ci,/root/practico/mod/ldap/phpldapadmin-1.2.3/lib/AJAXTree.php,|$href = sprintf('cmd.php?%s',$parms['edit']);|,https://www.owasp.org/index.php/Injection_Prevention_Cheat_Sheet
7,ci,/root/practico/mod/ldap/phpldapadmin-1.2.3/lib/AJAXTree.php,|if (function_exists('isCompress') && isCompress() && get_request('cmd','REQUEST') == 'draw_tree_node')|,https://www.owasp.org/index.php/Injection_Prevention_Cheat_Sheet
7,ci,/root/practico/mod/ldap/phpldapadmin-1.2.3/lib/AJAXTree.php,|if (function_exists('isCompress') && isCompress() && get_request('cmd','REQUEST') == 'draw_tree_node') {|,https://www.owasp.org/index.php/Injection_Prevention_Cheat_Sheet
7,ci,/root/practico/mod/ldap/phpldapadmin-1.2.3/lib/AJAXTree.php,|$href = sprintf('cmd=template_engine&server_id=%s&container=%s',$this->getServerID(),$entry->getDNEncode());|,https://www.owasp.org/index.php/Injection_Prevention_Cheat_Sheet
7,ci,/root/practico/mod/ldap/phpldapadmin-1.2.3/lib/QueryRender.php,|$href = sprintf('cmd=template_engine&server_id=%s&dn=%s',$server->getIndex(),$this->template->getDNEncode());|,https://www.owasp.org/index.php/Injection_Prevention_Cheat_Sheet
7,ci,/root/practico/mod/ldap/phpldapadmin-1.2.3/lib/QueryRender.php,|$href = htmlspecialchars(sprintf('cmd.php?cmd=export_form&server_id=%s&scope=%s&dn=%s&filter=%s&attributes=%s',|,https://www.owasp.org/index.php/Injection_Prevention_Cheat_Sheet
7,ci,/root/practico/mod/ldap/phpldapadmin-1.2.3/lib/TemplateRender.php,|if ($_SESSION[APPCONFIG]->isCommandAvailable('cmd','entry_refresh'))|,https://www.owasp.org/index.php/Injection_Prevention_Cheat_Sheet
7,ci,/root/practico/mod/ldap/phpldapadmin-1.2.3/lib/TemplateRender.php,|if ($_SESSION[APPCONFIG]->isCommandAvailable('cmd','switch_template'))|,https://www.owasp.org/index.php/Injection_Prevention_Cheat_Sheet
7,ci,/root/practico/mod/ldap/phpldapadmin-1.2.3/lib/TemplateRender.php,|if ($_SESSION[APPCONFIG]->isCommandAvailable('cmd','entry_internal_attributes_show'))|,https://www.owasp.org/index.php/Injection_Prevention_Cheat_Sheet
7,ci,/root/practico/mod/ldap/phpldapadmin-1.2.3/lib/TemplateRender.php,|$href = sprintf('cmd=template_engine&%s&junk=%s',$this->url_base,random_junk());|,https://www.owasp.org/index.php/Injection_Prevention_Cheat_Sheet
7,ci,/root/practico/mod/ldap/phpldapadmin-1.2.3/lib/TemplateRender.php,|$href = sprintf('cmd=template_engine&%s&template=',$this->url_base);|,https://www.owasp.org/index.php/Injection_Prevention_Cheat_Sheet
7,ci,/root/practico/mod/ldap/phpldapadmin-1.2.3/lib/TemplateRender.php,|$href = sprintf('cmd=export_form&%s&scope=base',$this->url_base);|,https://www.owasp.org/index.php/Injection_Prevention_Cheat_Sheet
7,ci,/root/practico/mod/ldap/phpldapadmin-1.2.3/lib/TemplateRender.php,|$href = sprintf('cmd=copy_form&%s',$this->url_base);|,https://www.owasp.org/index.php/Injection_Prevention_Cheat_Sheet
7,ci,/root/practico/mod/ldap/phpldapadmin-1.2.3/lib/TemplateRender.php,|$href = sprintf('cmd=template_engine&%s&junk=',$this->url_base,random_junk());|,https://www.owasp.org/index.php/Injection_Prevention_Cheat_Sheet
7,ci,/root/practico/mod/ldap/phpldapadmin-1.2.3/lib/TemplateRender.php,|$href = sprintf('cmd=template_engine&show_internal_attrs=true&%s',$this->url_base);|,https://www.owasp.org/index.php/Injection_Prevention_Cheat_Sheet
7,ci,/root/practico/mod/ldap/phpldapadmin-1.2.3/lib/TemplateRender.php,|$href = sprintf('cmd=delete_form&%s',$this->url_base);|,https://www.owasp.org/index.php/Injection_Prevention_Cheat_Sheet
7,ci,/root/practico/mod/ldap/phpldapadmin-1.2.3/lib/TemplateRender.php,|$href = sprintf('cmd=rename_form&%s&template=%s',$this->url_base,$this->template->getID());|,https://www.owasp.org/index.php/Injection_Prevention_Cheat_Sheet
7,ci,/root/practico/mod/ldap/phpldapadmin-1.2.3/lib/TemplateRender.php,|$href = sprintf('cmd=compare_form&%s',$this->url_base);|,https://www.owasp.org/index.php/Injection_Prevention_Cheat_Sheet
7,ci,/root/practico/mod/ldap/phpldapadmin-1.2.3/lib/TemplateRender.php,|$href = sprintf('cmd=template_engine&server_id=%s&container=%s',$this->getServerID(),$this->template->getDNEncode());|,https://www.owasp.org/index.php/Injection_Prevention_Cheat_Sheet
7,ci,/root/practico/mod/ldap/phpldapadmin-1.2.3/lib/TemplateRender.php,|$href = sprintf('cmd=add_attr_form&%s',$this->url_base);|,https://www.owasp.org/index.php/Injection_Prevention_Cheat_Sheet
7,ci,/root/practico/mod/ldap/phpldapadmin-1.2.3/lib/TemplateRender.php,|$href = sprintf('cmd=query_engine&server_id=%s&filter=%s&base=%s&scope=one&query=none&size_limit=0&search=true',|,https://www.owasp.org/index.php/Injection_Prevention_Cheat_Sheet
7,ci,/root/practico/mod/ldap/phpldapadmin-1.2.3/lib/TemplateRender.php,|$href = sprintf('cmd=export_form&%s&scope=%s',$this->url_base,'sub');|,https://www.owasp.org/index.php/Injection_Prevention_Cheat_Sheet
7,ci,/root/practico/mod/ldap/phpldapadmin-1.2.3/lib/TemplateRender.php,|$href_parm = htmlspecialchars(sprintf('cmd=add_value_form&server_id=%s&dn=%s&attr=%s',|,https://www.owasp.org/index.php/Injection_Prevention_Cheat_Sheet
7,ci,/root/practico/mod/ldap/phpldapadmin-1.2.3/lib/TemplateRender.php,|$href_parm = htmlspecialchars(sprintf('cmd=add_value_form&server_id=%s&dn=%s&attr=%s',|,https://www.owasp.org/index.php/Injection_Prevention_Cheat_Sheet
7,ci,/root/practico/mod/ldap/phpldapadmin-1.2.3/lib/TemplateRender.php,|$href = sprintf('cmd=modify_member_form&server_id=%s&dn=%s&attr=%s',|,https://www.owasp.org/index.php/Injection_Prevention_Cheat_Sheet
7,ci,/root/practico/mod/ldap/phpldapadmin-1.2.3/lib/TemplateRender.php,|$href = sprintf('cmd.php?cmd=rename_form&server_id=%s&dn=%s&template=%s',|,https://www.owasp.org/index.php/Injection_Prevention_Cheat_Sheet
7,ci,/root/practico/mod/ldap/phpldapadmin-1.2.3/lib/TemplateRender.php,|$href = sprintf('cmd.php?cmd=schema&server_id=%s&view=objectclasses&viewvalue=%s',|,https://www.owasp.org/index.php/Injection_Prevention_Cheat_Sheet
7,ci,/root/practico/mod/ldap/phpldapadmin-1.2.3/lib/config_default.php,$this->default->commands['cmd'] = array(,https://www.owasp.org/index.php/Injection_Prevention_Cheat_Sheet
7,ci,/root/practico/mod/ldap/phpldapadmin-1.2.3/lib/config_default.php,public function isCommandAvailable($index='cmd') {,https://www.owasp.org/index.php/Injection_Prevention_Cheat_Sheet
7,ci,/root/practico/mod/ldap/phpldapadmin-1.2.3/lib/config_default.php,|$cmd = $this->getValue('commands',$index);|,https://www.owasp.org/index.php/Injection_Prevention_Cheat_Sheet
7,ci,/root/practico/mod/ldap/phpldapadmin-1.2.3/lib/config_default.php,|if (! is_string($a) |||| ! isset($cmd[$a]))|,https://www.owasp.org/index.php/Injection_Prevention_Cheat_Sheet
7,ci,/root/practico/mod/ldap/phpldapadmin-1.2.3/lib/config_default.php,return $cmd[$a];,https://www.owasp.org/index.php/Injection_Prevention_Cheat_Sheet
7,ci,/root/practico/mod/ldap/phpldapadmin-1.2.3/lib/Query.php,|$this->results[$base] = $server->query($query,null);|,https://www.owasp.org/index.php/Injection_Prevention_Cheat_Sheet
7,ci,/root/practico/mod/ldap/phpldapadmin-1.2.3/lib/functions.php,function cmd_control_pane($type) {,https://www.owasp.org/index.php/Injection_Prevention_Cheat_Sheet
7,ci,/root/practico/mod/ldap/phpldapadmin-1.2.3/lib/functions.php,|'link'=>sprintf('href="cmd.php?cmd=purge_cache" onclick="return ajDISPLAY(\'BODY\',\'cmd=purge_cache\',\'%s\');" title="%s"',|,https://www.owasp.org/index.php/Injection_Prevention_Cheat_Sheet
7,ci,/root/practico/mod/ldap/phpldapadmin-1.2.3/lib/functions.php,|'link'=>sprintf('href="cmd.php?cmd=show_cache" onclick="return ajDISPLAY(\'BODY\',\'cmd=show_cache\',\'%s\');" title="%s"',|,https://www.owasp.org/index.php/Injection_Prevention_Cheat_Sheet
7,ci,/root/practico/mod/ldap/phpldapadmin-1.2.3/lib/functions.php,|'enable'=>isset($_SESSION[APPCONFIG]) ? $_SESSION[APPCONFIG]->isCommandAvailable('cmd','oslinks') : true,|,https://www.owasp.org/index.php/Injection_Prevention_Cheat_Sheet
7,ci,/root/practico/mod/ldap/phpldapadmin-1.2.3/lib/functions.php,|'enable'=>isset($_SESSION[APPCONFIG]) ? $_SESSION[APPCONFIG]->isCommandAvailable('cmd','oslinks') : true,|,https://www.owasp.org/index.php/Injection_Prevention_Cheat_Sheet
7,ci,/root/practico/mod/ldap/phpldapadmin-1.2.3/lib/functions.php,|'enable'=>isset($_SESSION[APPCONFIG]) ? $_SESSION[APPCONFIG]->isCommandAvailable('cmd','oslinks') : true,|,https://www.owasp.org/index.php/Injection_Prevention_Cheat_Sheet
7,ci,/root/practico/mod/ldap/phpldapadmin-1.2.3/lib/functions.php,|'enable'=>isset($_SESSION[APPCONFIG]) ? $_SESSION[APPCONFIG]->isCommandAvailable('cmd','oslinks') : true,|,https://www.owasp.org/index.php/Injection_Prevention_Cheat_Sheet
7,ci,/root/practico/mod/ldap/phpldapadmin-1.2.3/lib/functions.php,|'enable'=>isset($_SESSION[APPCONFIG]) ? $_SESSION[APPCONFIG]->isCommandAvailable('cmd','oslinks') : true,|,https://www.owasp.org/index.php/Injection_Prevention_Cheat_Sheet
7,ci,/root/practico/mod/ldap/phpldapadmin-1.2.3/lib/functions.php,|basename($_SERVER['PHP_SELF']),get_request('cmd','REQUEST'),$attr,$type),|,https://www.owasp.org/index.php/Injection_Prevention_Cheat_Sheet
7,ci,/root/practico/mod/ldap/phpldapadmin-1.2.3/lib/functions.php,|$search = $server->query($query,'auto_number');|,https://www.owasp.org/index.php/Injection_Prevention_Cheat_Sheet
7,ci,/root/practico/mod/ldap/phpldapadmin-1.2.3/lib/functions.php,|$search = $server->query($query,'auto_number');|,https://www.owasp.org/index.php/Injection_Prevention_Cheat_Sheet
7,ci,/root/practico/mod/ldap/phpldapadmin-1.2.3/lib/functions.php,|$search = $server->query($query,null);|,https://www.owasp.org/index.php/Injection_Prevention_Cheat_Sheet
7,ci,/root/practico/mod/ldap/phpldapadmin-1.2.3/lib/export_functions.php,|$this->results[$base] = $server->query($query,null);|,https://www.owasp.org/index.php/Injection_Prevention_Cheat_Sheet
7,ci,/root/practico/mod/ldap/phpldapadmin-1.2.3/lib/PageRender.php,|$href = sprintf('cmd.php?cmd=schema&server_id=%s&view=attributes&viewvalue=%s',|,https://www.owasp.org/index.php/Injection_Prevention_Cheat_Sheet
7,ci,/root/practico/mod/ldap/phpldapadmin-1.2.3/lib/PageRender.php,|$group = $this->getServer()->query($query,null);|,https://www.owasp.org/index.php/Injection_Prevention_Cheat_Sheet
7,ci,/root/practico/mod/ldap/phpldapadmin-1.2.3/lib/PageRender.php,|$href = sprintf('cmd.php?cmd=template_engine&server_id=%s&dn=%s',|,https://www.owasp.org/index.php/Injection_Prevention_Cheat_Sheet
7,ci,/root/practico/mod/ldap/phpldapadmin-1.2.3/lib/page.php,if (function_exists('cmd_control_pane')),https://www.owasp.org/index.php/Injection_Prevention_Cheat_Sheet
7,ci,/root/practico/mod/ldap/phpldapadmin-1.2.3/lib/page.php,foreach (cmd_control_pane('top') as $cmddetails),https://www.owasp.org/index.php/Injection_Prevention_Cheat_Sheet
7,ci,/root/practico/mod/ldap/phpldapadmin-1.2.3/lib/page.php,|if ((isset($cmddetails['enable']) && $cmddetails['enable']) |||| ! isset($cmddetails['enable'])) {|,https://www.owasp.org/index.php/Injection_Prevention_Cheat_Sheet
7,ci,/root/practico/mod/ldap/phpldapadmin-1.2.3/lib/page.php,if (function_exists('cmd_control_pane')),https://www.owasp.org/index.php/Injection_Prevention_Cheat_Sheet
7,ci,/root/practico/mod/ldap/phpldapadmin-1.2.3/lib/page.php,foreach (cmd_control_pane('main') as $cmddetails),https://www.owasp.org/index.php/Injection_Prevention_Cheat_Sheet
7,ci,/root/practico/mod/ldap/phpldapadmin-1.2.3/lib/page.php,|if ((isset($cmddetails['enable']) && trim($cmddetails['enable'])) |||| ! isset($cmddetails['enable'])) {|,https://www.owasp.org/index.php/Injection_Prevention_Cheat_Sheet
7,ci,/root/practico/mod/ldap/phpldapadmin-1.2.3/lib/page.php,|(isset($_SESSION[APPCONFIG]) && $_SESSION[APPCONFIG]->getValue('appearance','control_icons')) ? $cmddetails['image'] : $cmddetails['title']);|,https://www.owasp.org/index.php/Injection_Prevention_Cheat_Sheet
7,ci,/root/practico/mod/ldap/phpldapadmin-1.2.3/lib/ds_ldap.php,|public function query($query,$method,$index=null,$debug=false) {|,https://www.owasp.org/index.php/Injection_Prevention_Cheat_Sheet
7,ci,/root/practico/mod/ldap/phpldapadmin-1.2.3/lib/ds_ldap.php,|$result = $this->query($query,$method);|,https://www.owasp.org/index.php/Injection_Prevention_Cheat_Sheet
7,ci,/root/practico/mod/ldap/phpldapadmin-1.2.3/lib/ds_ldap.php,|if ($search = $this->query($query,$method))|,https://www.owasp.org/index.php/Injection_Prevention_Cheat_Sheet
7,ci,/root/practico/mod/ldap/phpldapadmin-1.2.3/lib/ds_ldap.php,|$results = $this->query($query,$method);|,https://www.owasp.org/index.php/Injection_Prevention_Cheat_Sheet
7,ci,/root/practico/mod/ldap/phpldapadmin-1.2.3/lib/ds_ldap.php,|$results = $this->query($query,$method);|,https://www.owasp.org/index.php/Injection_Prevention_Cheat_Sheet
7,ci,/root/practico/mod/ldap/phpldapadmin-1.2.3/lib/ds_ldap.php,|$results = $this->query($query,$method);|,https://www.owasp.org/index.php/Injection_Prevention_Cheat_Sheet
7,ci,/root/practico/mod/ldap/phpldapadmin-1.2.3/lib/ds_ldap.php,|$results = $this->query($query,null);|,https://www.owasp.org/index.php/Injection_Prevention_Cheat_Sheet
7,ci,/root/practico/mod/ldap/phpldapadmin-1.2.3/lib/emuhash_functions.php,|$cmd = sprintf('%s %s -binary <%s',$emuhash_emu['openssl'],$openssl_hash_id,$tmpfile);|,https://www.owasp.org/index.php/Injection_Prevention_Cheat_Sheet
7,ci,/root/practico/mod/ldap/phpldapadmin-1.2.3/lib/emuhash_functions.php,|$prog = popen($cmd,'r');|,https://www.owasp.org/index.php/Injection_Prevention_Cheat_Sheet
7,ci,/root/practico/mod/ldap/phpldapadmin-1.2.3/lib/HTMLTree.php,$menu['cmd'] = 'schema';,https://www.owasp.org/index.php/Injection_Prevention_Cheat_Sheet
7,ci,/root/practico/mod/ldap/phpldapadmin-1.2.3/lib/HTMLTree.php,$menu['cmd'] = 'query_engine';,https://www.owasp.org/index.php/Injection_Prevention_Cheat_Sheet
7,ci,/root/practico/mod/ldap/phpldapadmin-1.2.3/lib/HTMLTree.php,$menu['cmd'] = 'refresh';,https://www.owasp.org/index.php/Injection_Prevention_Cheat_Sheet
7,ci,/root/practico/mod/ldap/phpldapadmin-1.2.3/lib/HTMLTree.php,$menu['cmd'] = 'server_info';,https://www.owasp.org/index.php/Injection_Prevention_Cheat_Sheet
7,ci,/root/practico/mod/ldap/phpldapadmin-1.2.3/lib/HTMLTree.php,$menu['cmd'] = 'monitor';,https://www.owasp.org/index.php/Injection_Prevention_Cheat_Sheet
7,ci,/root/practico/mod/ldap/phpldapadmin-1.2.3/lib/HTMLTree.php,$menu['cmd'] = 'import_form';,https://www.owasp.org/index.php/Injection_Prevention_Cheat_Sheet
7,ci,/root/practico/mod/ldap/phpldapadmin-1.2.3/lib/HTMLTree.php,$menu['cmd'] = 'export_form';,https://www.owasp.org/index.php/Injection_Prevention_Cheat_Sheet
7,ci,/root/practico/mod/ldap/phpldapadmin-1.2.3/lib/HTMLTree.php,|$href_parms = htmlspecialchars(sprintf('cmd=%s&server_id=%s%s',$menu['cmd'],$server->getIndex(),isset($menu['href']) ? $menu['href'] : ''));|,https://www.owasp.org/index.php/Injection_Prevention_Cheat_Sheet
7,ci,/root/practico/mod/ldap/phpldapadmin-1.2.3/lib/HTMLTree.php,|$href = sprintf('cmd.php?cmd=logout&server_id=%s',$server->getIndex());|,https://www.owasp.org/index.php/Injection_Prevention_Cheat_Sheet
7,ci,/root/practico/mod/ldap/phpldapadmin-1.2.3/lib/HTMLTree.php,|$href = sprintf('cmd.php?cmd=template_engine&server_id=%s&dn=%s',$server->getIndex(),rawurlencode($rdn));|,https://www.owasp.org/index.php/Injection_Prevention_Cheat_Sheet
7,ci,/root/practico/mod/ldap/phpldapadmin-1.2.3/lib/HTMLTree.php,|$href['expand'] = htmlspecialchars(sprintf('cmd.php?cmd=expand&server_id=%s&dn=%s',$server->getIndex(),$dnENCODE));|,https://www.owasp.org/index.php/Injection_Prevention_Cheat_Sheet
7,ci,/root/practico/mod/ldap/phpldapadmin-1.2.3/lib/HTMLTree.php,|$href['collapse'] = htmlspecialchars(sprintf('cmd.php?cmd=collapse&server_id=%s&dn=%s',$server->getIndex(),$dnENCODE));|,https://www.owasp.org/index.php/Injection_Prevention_Cheat_Sheet
7,ci,/root/practico/mod/ldap/phpldapadmin-1.2.3/lib/HTMLTree.php,|$href['edit'] = htmlspecialchars(sprintf('cmd.php?cmd=template_engine&server_id=%s&dn=%s',$server->getIndex(),$dnENCODE));|,https://www.owasp.org/index.php/Injection_Prevention_Cheat_Sheet
7,ci,/root/practico/mod/ldap/phpldapadmin-1.2.3/lib/HTMLTree.php,|$href = htmlspecialchars(sprintf('cmd.php?cmd=template_engine&server_id=%s&container=%s',$this->getServerID(),$encoded_dn));|,https://www.owasp.org/index.php/Injection_Prevention_Cheat_Sheet
7,ci,/root/practico/mod/ldap/phpldapadmin-1.2.3/lib/HTMLTree.php,|$href_parm = htmlspecialchars(sprintf('cmd=%s&server_id=%s',get_custom_file($server->getIndex(),'login_form',''),$server->getIndex()));|,https://www.owasp.org/index.php/Injection_Prevention_Cheat_Sheet
7,ci,/root/practico/mod/ldap/phpldapadmin-1.2.3/lib/ds_ldap_pla.php,|$results = $this->query($query,'unique');|,https://www.owasp.org/index.php/Injection_Prevention_Cheat_Sheet
7,ci,/root/practico/mod/ldap/phpldapadmin-1.2.3/lib/ds_ldap_pla.php,|$href = sprintf('cmd.php?cmd=query_engine&server_id=%s&filter=%s&scope=sub&query=none&format=list&search=true',$this->index,$query['filter']);|,https://www.owasp.org/index.php/Injection_Prevention_Cheat_Sheet
7,ci,/root/practico/mod/ldap/phpldapadmin-1.2.3/lib/Template.php,|if ($this->getContainer() && get_request('cmd','REQUEST') == 'copy')|,https://www.owasp.org/index.php/Injection_Prevention_Cheat_Sheet
7,ci,/root/practico/mod/ldap/phpldapadmin-1.2.3/lib/common.php,|$app['direct_scripts'] = array('cmd.php','index.php',|,https://www.owasp.org/index.php/Injection_Prevention_Cheat_Sheet
7,ci,/root/practico/mod/ldap/phpldapadmin-1.2.3/lib/common.php,$app['readwrite_cmds'] = array(,https://www.owasp.org/index.php/Injection_Prevention_Cheat_Sheet
7,ci,/root/practico/mod/ldap/phpldapadmin-1.2.3/lib/common.php,|if (@ini_get('safe_mode') && ! get_request('cmd','GET'))|,https://www.owasp.org/index.php/Injection_Prevention_Cheat_Sheet
7,ci,/root/practico/mod/pcoder/mod/consola/index.php,$_SESSION['dir'] = exec('pwd');,https://www.owasp.org/index.php/Injection_Prevention_Cheat_Sheet
7,ci,/root/practico/mod/pcoder/mod/consola/index.php,|exec($this->command_exec , $this->output);|,https://www.owasp.org/index.php/Injection_Prevention_Cheat_Sheet
7,ci,/root/practico/mod/pcoder/mod/consola/index.php,$this->output = shell_exec($this->command_exec);,https://www.owasp.org/index.php/Injection_Prevention_Cheat_Sheet
7,ci,/root/practico/mod/pcoder/inc/variables.php,|$PCODER_Modos[]=array(Nombre => "BatchFile",	Extensiones => "bat||cmd||pif||wsf");|,https://www.owasp.org/index.php/Injection_Prevention_Cheat_Sheet
7,ci,/root/practico/mod/pcoder/inc/conexiones.php,$ConexionPDO->exec("SET NAMES 'utf8';");,https://www.owasp.org/index.php/Injection_Prevention_Cheat_Sheet
7,ci,/root/practico/mod/pcoder/inc/conexiones.php,$ConexionPDO->exec("SET NAMES utf8;"); //Forzado UTF8 - Collation recomendada: utf8_general_ci,https://www.owasp.org/index.php/Injection_Prevention_Cheat_Sheet
7,ci,/root/practico/ins/paso_4.php,$cmd = 'mv "../ins" "'.$nueva_carpeta.'"';,https://www.owasp.org/index.php/Injection_Prevention_Cheat_Sheet
7,ci,/root/practico/ins/paso_4.php,|@exec($cmd, $output, $return_val);|,https://www.owasp.org/index.php/Injection_Prevention_Cheat_Sheet
7,ci,/root/practico/ins/paso_4.php,|@exec($cmd, $output, $return_val);|,https://www.owasp.org/index.php/Injection_Prevention_Cheat_Sheet
7,ci,/root/practico/inc/oauth/NUEVO/database_oauth_client.php,|Function Query($sql, $parameters, &$results, $result_types = null)|,https://www.owasp.org/index.php/Injection_Prevention_Cheat_Sheet
7,ci,/root/practico/inc/oauth/NUEVO/database_oauth_client.php,|if(!$this->Query('INSERT INTO oauth_session (session, state, access_token, access_token_secret, expiry, authorized, type, server, creation, refresh_token) VALUES(?, ?, ?, ?, ?, ?, ?, ?, ?, ?)', $parameters, $results))|,https://www.owasp.org/index.php/Injection_Prevention_Cheat_Sheet
7,ci,/root/practico/inc/oauth/NUEVO/database_oauth_client.php,|if(!$this->Query('SELECT id, session, state, access_token, access_token_secret, expiry, authorized, type, server, creation, refresh_token FROM oauth_session WHERE user=? AND server=?', $parameters, $results, $result_types))|,https://www.owasp.org/index.php/Injection_Prevention_Cheat_Sheet
7,ci,/root/practico/inc/oauth/NUEVO/database_oauth_client.php,|if(!$this->Query('SELECT id, session, state, access_token, access_token_secret, expiry, authorized, type, server, creation, refresh_token FROM oauth_session WHERE session=? AND server=?', $parameters, $results, $result_types))|,https://www.owasp.org/index.php/Injection_Prevention_Cheat_Sheet
7,ci,/root/practico/inc/oauth/NUEVO/database_oauth_client.php,|return $this->Query('UPDATE oauth_session SET session=?, state=?, access_token=?, access_token_secret=?, expiry=?, authorized=?, type=?, server=?, creation=?, refresh_token=?, user=? WHERE id=?', $parameters, $results);|,https://www.owasp.org/index.php/Injection_Prevention_Cheat_Sheet
7,ci,/root/practico/inc/oauth/NUEVO/database_oauth_client.php,|if(!$this->Query('UPDATE oauth_session SET user=? WHERE session=? AND server=?', $parameters, $results))|,https://www.owasp.org/index.php/Injection_Prevention_Cheat_Sheet
7,ci,/root/practico/inc/oauth/NUEVO/mysqli_oauth_client.php,|Function Query($sql, $parameters, &$results, $result_types = null)|,https://www.owasp.org/index.php/Injection_Prevention_Cheat_Sheet
7,ci,/root/practico/inc/practico/idiomas/en.php,$MULTILANG_FrmAccionCMD='User command';,https://www.owasp.org/index.php/Injection_Prevention_Cheat_Sheet
7,ci,/root/practico/inc/practico/idiomas/en.php,|$MULTILANG_FrmAccionDesCMD='Action name that should exists in personalizadas.php or any other module that will process the information or a JavaScript command to be executed inmediately for the App (if you need to send some parameter you could use sigle quotes to enclose them). If you need to load Practicos Objects like a forms or report you could use the same sintax used for menues items: frm:XX:Par1:Par2:ParN o inf:XX...  There is a javascript command available called ImprimirMarco(\'MARCO_IMPRESION\') that let you print the active form content.  You can use commands like PCO_VentanaPopup(\'http://www.google.com\',\'YourTitle\',\'toolbar=no, location=no, directories=no, status=no, menubar=no ,scrollbars=no, resizable=yes, fullscreen=no, width=640, height=480\'); .Check docs for a complete guide.';|,https://www.owasp.org/index.php/Injection_Prevention_Cheat_Sheet
7,ci,/root/practico/inc/practico/idiomas/hi.php,$MULTILANG_FrmAccionCMD='उपयोगकर्ता का आदेश';,https://www.owasp.org/index.php/Injection_Prevention_Cheat_Sheet
7,ci,/root/practico/inc/practico/idiomas/hi.php,|$MULTILANG_FrmAccionDesCMD='चाहिए personalizadas.php या (आप sigle उन्हें बंद करने के लिए उद्धरण चिह्नों का उपयोग कर सकता है कुछ पैरामीटर भेजने की जरूरत है तो) जानकारी या एक जावास्क्रिप्ट आदेश inmediately अनुप्रयोग के लिए निष्पादित की जाने वाली कार्रवाई करेंगे कि किसी भी अन्य मॉड्यूल में मौजूद है कि कार्रवाई के नाम पर। \'XX ... ImprimirMarco (बुलाया उपलब्ध एक जावास्क्रिप्ट आदेश है: एफ आर: XX: Par1: Par2: ParN ओ संसाधनों आप एक रूपों की तरह Practicos वस्तुओं लोड या आप menues मदों के लिए इस्तेमाल किया वही sintax इस्तेमाल कर सकते रिपोर्ट करने के लिए की जरूरत है आप सक्रिय रूप सामग्री मुद्रित करते हैं कि MARCO_IMPRESION \')। \': //www.google.com \ HTTP\', \'YourTitle \' \'टूलबार = नहीं, स्थान = नहीं, निर्देशिका = नहीं, स्थिति = नहीं, मेनू बार = नहीं, स्क्रॉल तुम \ PCO_VentanaPopup (जैसे आदेशों का उपयोग कर सकते हैं = नहीं, resizable = हाँ, फुलस्क्रीन = नहीं, चौड़ाई = 640, ऊंचाई = 480 \'); एक पूरा गाइड के लिए .Check डॉक्स।';|,https://www.owasp.org/index.php/Injection_Prevention_Cheat_Sheet
7,ci,/root/practico/inc/practico/idiomas/pt.php,$MULTILANG_FrmAccionCMD='Comando do usu&aacute;rio';,https://www.owasp.org/index.php/Injection_Prevention_Cheat_Sheet
7,ci,/root/practico/inc/practico/idiomas/pt.php,|$MULTILANG_FrmAccionDesCMD='Nome da ação que deve existir em personalizadas.php ou qualquer outro m&oacute;dulo que ir&aacute; processar as informações ou um comando JavaScript para ser executado de forma imediata para a App (se você precisar enviar algum parâmetro você poderia usar sigle cita em torno deles). Se você precisa carregar objetos Practicos como se forma um ou relat&oacute;rio que você poderia usar a mesma sintaxe usada para ementa itens: frm:XX:Par1:Par2:ParN o inf:XX...  H&aacute; um comando javascript dispon&iacute;vel chamado ImprimirMarco(\'MARCO_IMPRESION\') que lhe permitem imprimir o conte&uacute;do da forma activa. Você pode usar comandos como PCO_VentanaPopup(\'http://www.google.com\',\'YourTitle\',\'toolbar=no, location=no, directories=no, status=no, menubar=no ,scrollbars=no, resizable=yes, fullscreen=no, width=640, height=480\'); . Verifique docs para um guia completo.';|,https://www.owasp.org/index.php/Injection_Prevention_Cheat_Sheet
7,ci,/root/practico/inc/practico/idiomas/es.php,$MULTILANG_FrmAccionCMD='Comando del usuario';,https://www.owasp.org/index.php/Injection_Prevention_Cheat_Sheet
7,ci,/root/practico/inc/practico/idiomas/es.php,|$MULTILANG_FrmAccionDesCMD='Nombre de la acci&oacute;n definida en el archivo de personalizaci&oacute;n que procesar&aacute; la informaci&oacute;n o comando en JavaScript a ser ejecutado de manera inmediata en la p&aacute;gina (si requiere par&aacute;metros dentro de su comando utilice comillas sencillas para encerrarlos). Para cargar objetos de Pr&aacute;ctico como formularios o informes puede usar la misma notaci&oacute;n de menus: frm:XX:Par1:Par2:ParN o inf:XX...  El comando javascript ImprimirMarco(\'MARCO_IMPRESION\') le permite imprimir el contenido del formulario.  Tambien puede usar comandos como PCO_VentanaPopup(\'http://www.google.com\',\'SuTitulo\',\'toolbar=no, location=no, directories=no, status=no, menubar=no ,scrollbars=no, resizable=yes, fullscreen=no, width=640, height=480\'); .Revise siempre la documentacion para una lista completa y actualizada de comandos.';|,https://www.owasp.org/index.php/Injection_Prevention_Cheat_Sheet
7,ci,/root/practico/inc/phpexcel/Classes/PHPExcel/CachedObjectStorage/SQLite.php,|if (!$this->_DBHandle->queryExec("INSERT OR REPLACE INTO kvp_".$this->_TableName." VALUES('".$this->_currentObjectID."','".sqlite_escape_string(serialize($this->_currentObject))."')"))|,https://www.owasp.org/index.php/Injection_Prevention_Cheat_Sheet
7,ci,/root/practico/inc/phpexcel/Classes/PHPExcel/CachedObjectStorage/SQLite.php,|$cellResultSet = $this->_DBHandle->query($query,SQLITE_ASSOC);|,https://www.owasp.org/index.php/Injection_Prevention_Cheat_Sheet
7,ci,/root/practico/inc/phpexcel/Classes/PHPExcel/CachedObjectStorage/SQLite.php,|$cellResultSet = $this->_DBHandle->query($query,SQLITE_ASSOC);|,https://www.owasp.org/index.php/Injection_Prevention_Cheat_Sheet
7,ci,/root/practico/inc/phpexcel/Classes/PHPExcel/CachedObjectStorage/SQLite.php,if (!$this->_DBHandle->queryExec($query)),https://www.owasp.org/index.php/Injection_Prevention_Cheat_Sheet
7,ci,/root/practico/inc/phpexcel/Classes/PHPExcel/CachedObjectStorage/SQLite.php,$result = $this->_DBHandle->exec($query);,https://www.owasp.org/index.php/Injection_Prevention_Cheat_Sheet
7,ci,/root/practico/inc/phpexcel/Classes/PHPExcel/CachedObjectStorage/SQLite.php,$result = $this->_DBHandle->exec($query);,https://www.owasp.org/index.php/Injection_Prevention_Cheat_Sheet
7,ci,/root/practico/inc/phpexcel/Classes/PHPExcel/CachedObjectStorage/SQLite.php,|$cellIdsResult = $this->_DBHandle->unbufferedQuery($query,SQLITE_ASSOC);|,https://www.owasp.org/index.php/Injection_Prevention_Cheat_Sheet
7,ci,/root/practico/inc/phpexcel/Classes/PHPExcel/CachedObjectStorage/SQLite.php,|if (!$this->_DBHandle->queryExec('CREATE TABLE kvp_'.$tableName.' (id VARCHAR(12) PRIMARY KEY, value BLOB)|,https://www.owasp.org/index.php/Injection_Prevention_Cheat_Sheet
7,ci,/root/practico/inc/phpexcel/Classes/PHPExcel/CachedObjectStorage/SQLite.php,|if (!$this->_DBHandle->queryExec('CREATE TABLE kvp_'.$this->_TableName.' (id VARCHAR(12) PRIMARY KEY, value BLOB)'))|,https://www.owasp.org/index.php/Injection_Prevention_Cheat_Sheet
7,ci,/root/practico/inc/phpexcel/Classes/PHPExcel/CachedObjectStorage/SQLite.php,$this->_DBHandle->queryExec('DROP TABLE kvp_'.$this->_TableName);,https://www.owasp.org/index.php/Injection_Prevention_Cheat_Sheet
7,ci,/root/practico/inc/phpexcel/Classes/PHPExcel/CachedObjectStorage/SQLite3.php,$cellIdsResult = $this->_DBHandle->query($query);,https://www.owasp.org/index.php/Injection_Prevention_Cheat_Sheet
7,ci,/root/practico/inc/phpexcel/Classes/PHPExcel/CachedObjectStorage/SQLite3.php,|if (!$this->_DBHandle->exec('CREATE TABLE kvp_'.$tableName.' (id VARCHAR(12) PRIMARY KEY, value BLOB)|,https://www.owasp.org/index.php/Injection_Prevention_Cheat_Sheet
7,ci,/root/practico/inc/phpexcel/Classes/PHPExcel/CachedObjectStorage/SQLite3.php,|if (!$this->_DBHandle->exec('CREATE TABLE kvp_'.$this->_TableName.' (id VARCHAR(12) PRIMARY KEY, value BLOB)'))|,https://www.owasp.org/index.php/Injection_Prevention_Cheat_Sheet
7,ci,/root/practico/inc/phpexcel/Classes/PHPExcel/CachedObjectStorage/SQLite3.php,$this->_DBHandle->exec('DROP TABLE kvp_'.$this->_TableName);,https://www.owasp.org/index.php/Injection_Prevention_Cheat_Sheet
7,ci,/root/practico/inc/http/http.php,if(!($success=(strlen($this->response=curl_exec($this->connection))!=0))),https://www.owasp.org/index.php/Injection_Prevention_Cheat_Sheet
7,ci,/root/practico/core/monitoreo.php,$exec = exec("ping -n 1 -l 64 ".$ip);,https://www.owasp.org/index.php/Injection_Prevention_Cheat_Sheet
7,ci,/root/practico/core/monitoreo.php,$exec = exec("ping -c 1 -s 64 -t 64 ".$ip);,https://www.owasp.org/index.php/Injection_Prevention_Cheat_Sheet
7,ci,/root/practico/core/monitoreo.php,$valor_sensor = trim(shell_exec($Sensor["comando"]));,https://www.owasp.org/index.php/Injection_Prevention_Cheat_Sheet
7,ci,/root/practico/core/monitoreo.php,$salida_comando = shell_exec($comando_ejecutar["Comando"]);,https://www.owasp.org/index.php/Injection_Prevention_Cheat_Sheet
7,ci,/root/practico/core/correos.php,$response = curl_exec($session);,https://www.owasp.org/index.php/Injection_Prevention_Cheat_Sheet
7,ci,/root/practico/core/tablas.php,|$resultado = mysql_query($consulta,$mysql_enlace);|,https://www.owasp.org/index.php/Injection_Prevention_Cheat_Sheet
7,ci,/root/practico/core/tablas.php,|$resultado = mysql_query($consulta,$mysql_enlace);|,https://www.owasp.org/index.php/Injection_Prevention_Cheat_Sheet
7,ci,/root/practico/core/conexiones.php,$ConexionPDO->exec("SET NAMES 'utf8';");,https://www.owasp.org/index.php/Injection_Prevention_Cheat_Sheet
7,ci,/root/practico/core/conexiones.php,$ConexionPDO->exec("SET NAMES utf8;"); //Forzado UTF8 - Collation recomendada: utf8_general_ci,https://www.owasp.org/index.php/Injection_Prevention_Cheat_Sheet
7,ci,/root/practico/core/comunes.php,|@exec('php -l '.escapeshellarg($ArchivoFuente), $Salida, $Codigo);|,https://www.owasp.org/index.php/Injection_Prevention_Cheat_Sheet
7,ci,/root/practico/core/comunes.php,$ConexionPDO->exec($procedimiento);,https://www.owasp.org/index.php/Injection_Prevention_Cheat_Sheet
7,ci,/root/practico/core/comunes.php,$datos_recibidos = curl_exec($objeto_curl);,https://www.owasp.org/index.php/Injection_Prevention_Cheat_Sheet
